flavor,source_file,augment_target,augment_condition,change,relative_uses_site,uses_before,uses_after,direct_node_declarations_before,direct_node_declarations_after
Config,Cisco-IOS-XE-bfd.yang,/ios:native/ios:interface/ios:FourHundredGigE/ios:bfd,,augment declaration added,,,,0,0
Config,Cisco-IOS-XE-bfd.yang,/ios:native/ios:interface/ios:FourHundredGigE/ios:bfd,,uses reference added,/,,config-interface-bfd-grouping,,
Config,Cisco-IOS-XE-bfd.yang,/ios:native/ios:interface/ios:TwoHundredGigE/ios:bfd,,augment declaration added,,,,0,0
Config,Cisco-IOS-XE-bfd.yang,/ios:native/ios:interface/ios:TwoHundredGigE/ios:bfd,,uses reference added,/,,config-interface-bfd-grouping,,
Config,Cisco-IOS-XE-cdp.yang,/ios:native/ios:interface/ios:FourHundredGigE,,augment declaration added,,,,0,0
Config,Cisco-IOS-XE-cdp.yang,/ios:native/ios:interface/ios:FourHundredGigE,,uses reference added,/,,config-interface-cdp-default-enable-grouping,,
Config,Cisco-IOS-XE-cdp.yang,/ios:native/ios:interface/ios:TwoHundredGigE,,augment declaration added,,,,0,0
Config,Cisco-IOS-XE-cdp.yang,/ios:native/ios:interface/ios:TwoHundredGigE,,uses reference added,/,,config-interface-cdp-default-enable-grouping,,
Config,Cisco-IOS-XE-crypto.yang,/ios:native/ios:interface/ios:FourHundredGigE,,augment declaration added,,,,0,0
Config,Cisco-IOS-XE-crypto.yang,/ios:native/ios:interface/ios:FourHundredGigE,,uses reference added,/,,config-interface-crypto-grouping,,
Config,Cisco-IOS-XE-crypto.yang,/ios:native/ios:interface/ios:FourHundredGigE/ios:ipv6,,augment declaration added,,,,0,0
Config,Cisco-IOS-XE-crypto.yang,/ios:native/ios:interface/ios:FourHundredGigE/ios:ipv6,,uses reference added,/,,config-interface-ipv6-crypto-grouping,,
Config,Cisco-IOS-XE-crypto.yang,/ios:native/ios:interface/ios:TwoHundredGigE,,augment declaration added,,,,0,0
Config,Cisco-IOS-XE-crypto.yang,/ios:native/ios:interface/ios:TwoHundredGigE,,uses reference added,/,,config-interface-crypto-grouping,,
Config,Cisco-IOS-XE-crypto.yang,/ios:native/ios:interface/ios:TwoHundredGigE/ios:ipv6,,augment declaration added,,,,0,0
Config,Cisco-IOS-XE-crypto.yang,/ios:native/ios:interface/ios:TwoHundredGigE/ios:ipv6,,uses reference added,/,,config-interface-ipv6-crypto-grouping,,
Config,Cisco-IOS-XE-device-sensor.yang,/ios:native/ios:interface/ios:FiftyGigabitEthernet,,augment declaration added,,,,0,0
Config,Cisco-IOS-XE-device-sensor.yang,/ios:native/ios:interface/ios:FiftyGigabitEthernet,,uses reference added,/,,config-interface-device-sensor-grouping,,
Config,Cisco-IOS-XE-device-sensor.yang,/ios:native/ios:interface/ios:FourHundredGigE,,augment declaration added,,,,0,0
Config,Cisco-IOS-XE-device-sensor.yang,/ios:native/ios:interface/ios:FourHundredGigE,,uses reference added,/,,config-interface-device-sensor-grouping,,
Config,Cisco-IOS-XE-device-sensor.yang,/ios:native/ios:interface/ios:TwoHundredGigE,,augment declaration added,,,,0,0
Config,Cisco-IOS-XE-device-sensor.yang,/ios:native/ios:interface/ios:TwoHundredGigE,,uses reference added,/,,config-interface-device-sensor-grouping,,
Config,Cisco-IOS-XE-dhcp.yang,/ios:native/ios:interface/ios:FourHundredGigE,,augment declaration added,,,,0,0
Config,Cisco-IOS-XE-dhcp.yang,/ios:native/ios:interface/ios:FourHundredGigE,,uses reference added,/,,config-interface-dhcp-server-tracking-grouping,,
Config,Cisco-IOS-XE-dhcp.yang,/ios:native/ios:interface/ios:FourHundredGigE/ios:ip/ios:dhcp,,augment declaration added,,,,0,0
Config,Cisco-IOS-XE-dhcp.yang,/ios:native/ios:interface/ios:FourHundredGigE/ios:ip/ios:dhcp,,uses reference added,/,,config-interface-ip-dhcp-grouping,,
Config,Cisco-IOS-XE-dhcp.yang,/ios:native/ios:interface/ios:FourHundredGigE/ios:ipv6/ios:dhcp,,augment declaration added,,,,0,0
Config,Cisco-IOS-XE-dhcp.yang,/ios:native/ios:interface/ios:FourHundredGigE/ios:ipv6/ios:dhcp,,uses reference added,/,,config-interface-ipv6-dhcp-grouping,,
Config,Cisco-IOS-XE-dhcp.yang,/ios:native/ios:interface/ios:TwoHundredGigE,,augment declaration added,,,,0,0
Config,Cisco-IOS-XE-dhcp.yang,/ios:native/ios:interface/ios:TwoHundredGigE,,uses reference added,/,,config-interface-dhcp-server-tracking-grouping,,
Config,Cisco-IOS-XE-dhcp.yang,/ios:native/ios:interface/ios:TwoHundredGigE/ios:ip/ios:dhcp,,augment declaration added,,,,0,0
Config,Cisco-IOS-XE-dhcp.yang,/ios:native/ios:interface/ios:TwoHundredGigE/ios:ip/ios:dhcp,,uses reference added,/,,config-interface-ip-dhcp-grouping,,
Config,Cisco-IOS-XE-dhcp.yang,/ios:native/ios:interface/ios:TwoHundredGigE/ios:ipv6/ios:dhcp,,augment declaration added,,,,0,0
Config,Cisco-IOS-XE-dhcp.yang,/ios:native/ios:interface/ios:TwoHundredGigE/ios:ipv6/ios:dhcp,,uses reference added,/,,config-interface-ipv6-dhcp-grouping,,
Config,Cisco-IOS-XE-dot1x.yang,/ios:native/ios:interface/ios:FourHundredGigE,,augment declaration added,,,,0,0
Config,Cisco-IOS-XE-dot1x.yang,/ios:native/ios:interface/ios:FourHundredGigE,,uses reference added,/,,config-interface-dot1x-grouping,,
Config,Cisco-IOS-XE-dot1x.yang,/ios:native/ios:interface/ios:TwoHundredGigE,,augment declaration added,,,,0,0
Config,Cisco-IOS-XE-dot1x.yang,/ios:native/ios:interface/ios:TwoHundredGigE,,uses reference added,/,,config-interface-dot1x-grouping,,
Config,Cisco-IOS-XE-eigrp.yang,/ios:native/ios:interface/ios:FourHundredGigE/ios:ip,,augment declaration added,,,,0,0
Config,Cisco-IOS-XE-eigrp.yang,/ios:native/ios:interface/ios:FourHundredGigE/ios:ip,,uses reference added,/,,config-eigrp-interface-classic-ipv4-grouping,,
Config,Cisco-IOS-XE-eigrp.yang,/ios:native/ios:interface/ios:FourHundredGigE/ios:ip/ios:summary-address,,augment declaration added,,,,0,0
Config,Cisco-IOS-XE-eigrp.yang,/ios:native/ios:interface/ios:FourHundredGigE/ios:ip/ios:summary-address,,uses reference added,/,,config-eigrp-interface-summary-address-ipv4-grouping,,
Config,Cisco-IOS-XE-eigrp.yang,/ios:native/ios:interface/ios:FourHundredGigE/ios:ipv6,,augment declaration added,,,,0,0
Config,Cisco-IOS-XE-eigrp.yang,/ios:native/ios:interface/ios:FourHundredGigE/ios:ipv6,,uses reference added,/,,config-eigrp-interface-classic-ipv6-grouping,,
Config,Cisco-IOS-XE-eigrp.yang,/ios:native/ios:interface/ios:TwoHundredGigE/ios:ip,,augment declaration added,,,,0,0
Config,Cisco-IOS-XE-eigrp.yang,/ios:native/ios:interface/ios:TwoHundredGigE/ios:ip,,uses reference added,/,,config-eigrp-interface-classic-ipv4-grouping,,
Config,Cisco-IOS-XE-eigrp.yang,/ios:native/ios:interface/ios:TwoHundredGigE/ios:ip/ios:summary-address,,augment declaration added,,,,0,0
Config,Cisco-IOS-XE-eigrp.yang,/ios:native/ios:interface/ios:TwoHundredGigE/ios:ip/ios:summary-address,,uses reference added,/,,config-eigrp-interface-summary-address-ipv4-grouping,,
Config,Cisco-IOS-XE-eigrp.yang,/ios:native/ios:interface/ios:TwoHundredGigE/ios:ipv6,,augment declaration added,,,,0,0
Config,Cisco-IOS-XE-eigrp.yang,/ios:native/ios:interface/ios:TwoHundredGigE/ios:ipv6,,uses reference added,/,,config-eigrp-interface-classic-ipv6-grouping,,
Config,Cisco-IOS-XE-eta.yang,/ios:native/ios:interface/ios:FourHundredGigE,,augment declaration added,,,,0,0
Config,Cisco-IOS-XE-eta.yang,/ios:native/ios:interface/ios:FourHundredGigE,,uses reference added,/,,config-interface-eta-grouping,,
Config,Cisco-IOS-XE-eta.yang,/ios:native/ios:interface/ios:TwoHundredGigE,,augment declaration added,,,,0,0
Config,Cisco-IOS-XE-eta.yang,/ios:native/ios:interface/ios:TwoHundredGigE,,uses reference added,/,,config-interface-eta-grouping,,
Config,Cisco-IOS-XE-ethernet.yang,/ios:native/ios:interface/ios:AppGigabitEthernet,,uses reference added,/,,config-interface-ethernet-member-link-pagp-grouping,,
Config,Cisco-IOS-XE-ethernet.yang,/ios:native/ios:interface/ios:FastEthernet,,uses reference added,/,,config-interface-ethernet-member-link-pagp-grouping,,
Config,Cisco-IOS-XE-ethernet.yang,/ios:native/ios:interface/ios:FiftyGigabitEthernet,,uses reference added,/,,config-interface-ethernet-member-link-pagp-grouping,,
Config,Cisco-IOS-XE-ethernet.yang,/ios:native/ios:interface/ios:FiveGigabitEthernet,,uses reference added,/,,config-interface-ethernet-member-link-pagp-grouping,,
Config,Cisco-IOS-XE-ethernet.yang,/ios:native/ios:interface/ios:FortyGigabitEthernet,,uses reference added,/,,config-interface-ethernet-member-link-pagp-grouping,,
Config,Cisco-IOS-XE-ethernet.yang,/ios:native/ios:interface/ios:FourHundredGigE,,augment declaration added,,,,0,0
Config,Cisco-IOS-XE-ethernet.yang,/ios:native/ios:interface/ios:FourHundredGigE,,uses reference added,/,,config-interface-channel-group-grouping,,
Config,Cisco-IOS-XE-ethernet.yang,/ios:native/ios:interface/ios:FourHundredGigE,,uses reference added,/,,config-interface-ethernet-cfm-efp-grouping,,
Config,Cisco-IOS-XE-ethernet.yang,/ios:native/ios:interface/ios:FourHundredGigE,,uses reference added,/,,config-interface-ethernet-grouping,,
Config,Cisco-IOS-XE-ethernet.yang,/ios:native/ios:interface/ios:FourHundredGigE,,uses reference added,/,,config-interface-ethernet-member-link-lacp-grouping,,
Config,Cisco-IOS-XE-ethernet.yang,/ios:native/ios:interface/ios:FourHundredGigE,,uses reference added,/,,config-interface-ethernet-member-link-pagp-grouping,,
Config,Cisco-IOS-XE-ethernet.yang,/ios:native/ios:interface/ios:FourHundredGigE,,uses reference added,/,,config-interface-ethernet-oam-grouping,,
Config,Cisco-IOS-XE-ethernet.yang,/ios:native/ios:interface/ios:FourHundredGigE,,uses reference added,/,,config-interface-macsec-grouping,,
Config,Cisco-IOS-XE-ethernet.yang,/ios:native/ios:interface/ios:GigabitEthernet,,uses reference added,/,,config-interface-ethernet-member-link-pagp-grouping,,
Config,Cisco-IOS-XE-ethernet.yang,/ios:native/ios:interface/ios:HundredGigE,,uses reference added,/,,config-interface-ethernet-member-link-pagp-grouping,,
Config,Cisco-IOS-XE-ethernet.yang,/ios:native/ios:interface/ios:TenGigabitEthernet,,uses reference added,/,,config-interface-ethernet-member-link-pagp-grouping,,
Config,Cisco-IOS-XE-ethernet.yang,/ios:native/ios:interface/ios:TwentyFiveGigE,,uses reference added,/,,config-interface-ethernet-member-link-pagp-grouping,,
Config,Cisco-IOS-XE-ethernet.yang,/ios:native/ios:interface/ios:TwoGigabitEthernet,,uses reference added,/,,config-interface-ethernet-member-link-pagp-grouping,,
Config,Cisco-IOS-XE-ethernet.yang,/ios:native/ios:interface/ios:TwoHundredGigE,,augment declaration added,,,,0,0
Config,Cisco-IOS-XE-ethernet.yang,/ios:native/ios:interface/ios:TwoHundredGigE,,uses reference added,/,,config-interface-channel-group-grouping,,
Config,Cisco-IOS-XE-ethernet.yang,/ios:native/ios:interface/ios:TwoHundredGigE,,uses reference added,/,,config-interface-ethernet-cfm-efp-grouping,,
Config,Cisco-IOS-XE-ethernet.yang,/ios:native/ios:interface/ios:TwoHundredGigE,,uses reference added,/,,config-interface-ethernet-grouping,,
Config,Cisco-IOS-XE-ethernet.yang,/ios:native/ios:interface/ios:TwoHundredGigE,,uses reference added,/,,config-interface-ethernet-member-link-lacp-grouping,,
Config,Cisco-IOS-XE-ethernet.yang,/ios:native/ios:interface/ios:TwoHundredGigE,,uses reference added,/,,config-interface-ethernet-member-link-pagp-grouping,,
Config,Cisco-IOS-XE-ethernet.yang,/ios:native/ios:interface/ios:TwoHundredGigE,,uses reference added,/,,config-interface-ethernet-oam-grouping,,
Config,Cisco-IOS-XE-ethernet.yang,/ios:native/ios:interface/ios:TwoHundredGigE,,uses reference added,/,,config-interface-macsec-grouping,,
Config,Cisco-IOS-XE-ethernet.yang,/ios:native/ios:interface/ios:Virtual-Template,,uses reference added,/,,config-interface-ethernet-member-link-pagp-grouping,,
Config,Cisco-IOS-XE-ethernet.yang,/ios:native/ios:interface/ios:VirtualPortGroup,,uses reference added,/,,config-interface-ethernet-member-link-pagp-grouping,,
Config,Cisco-IOS-XE-flow.yang,/ios:native/ios:interface/ios:FourHundredGigE/ios:ip,,augment declaration added,,,,0,0
Config,Cisco-IOS-XE-flow.yang,/ios:native/ios:interface/ios:FourHundredGigE/ios:ip,,uses reference added,/,,config-interface-ip-flow-grouping,,
Config,Cisco-IOS-XE-flow.yang,/ios:native/ios:interface/ios:FourHundredGigE/ios:ipv6,,augment declaration added,,,,0,0
Config,Cisco-IOS-XE-flow.yang,/ios:native/ios:interface/ios:FourHundredGigE/ios:ipv6,,uses reference added,/,,config-interface-ipv6-flow-grouping,,
Config,Cisco-IOS-XE-flow.yang,/ios:native/ios:interface/ios:TwoHundredGigE/ios:ip,,augment declaration added,,,,0,0
Config,Cisco-IOS-XE-flow.yang,/ios:native/ios:interface/ios:TwoHundredGigE/ios:ip,,uses reference added,/,,config-interface-ip-flow-grouping,,
Config,Cisco-IOS-XE-flow.yang,/ios:native/ios:interface/ios:TwoHundredGigE/ios:ipv6,,augment declaration added,,,,0,0
Config,Cisco-IOS-XE-flow.yang,/ios:native/ios:interface/ios:TwoHundredGigE/ios:ipv6,,uses reference added,/,,config-interface-ipv6-flow-grouping,,
Config,Cisco-IOS-XE-flow.yang,/ios:native/ios:interface/ios:Virtual-Template/ios:ip,,augment declaration added,,,,0,0
Config,Cisco-IOS-XE-flow.yang,/ios:native/ios:interface/ios:Virtual-Template/ios:ip,,uses reference added,/,,config-interface-ip-flow-grouping,,
Config,Cisco-IOS-XE-flow.yang,/ios:native/ios:interface/ios:Virtual-Template/ios:ipv6,,augment declaration added,,,,0,0
Config,Cisco-IOS-XE-flow.yang,/ios:native/ios:interface/ios:Virtual-Template/ios:ipv6,,uses reference added,/,,config-interface-ipv6-flow-grouping,,
Config,Cisco-IOS-XE-group-policy.yang,/ios:native/ios:interface/ios:FiftyGigabitEthernet,,augment declaration added,,,,0,0
Config,Cisco-IOS-XE-group-policy.yang,/ios:native/ios:interface/ios:FiftyGigabitEthernet,,uses reference added,/,,config-interface-group-policy-grouping,,
Config,Cisco-IOS-XE-group-policy.yang,/ios:native/ios:interface/ios:FourHundredGigE,,augment declaration added,,,,0,0
Config,Cisco-IOS-XE-group-policy.yang,/ios:native/ios:interface/ios:FourHundredGigE,,uses reference added,/,,config-interface-group-policy-grouping,,
Config,Cisco-IOS-XE-group-policy.yang,/ios:native/ios:interface/ios:TwoHundredGigE,,augment declaration added,,,,0,0
Config,Cisco-IOS-XE-group-policy.yang,/ios:native/ios:interface/ios:TwoHundredGigE,,uses reference added,/,,config-interface-group-policy-grouping,,
Config,Cisco-IOS-XE-icmp.yang,/ios:native/ios:interface/ios:FourHundredGigE/ios:ip,,augment declaration added,,,,0,0
Config,Cisco-IOS-XE-icmp.yang,/ios:native/ios:interface/ios:FourHundredGigE/ios:ip,,uses reference added,/,,config-interface-ip-icmp-grouping,,
Config,Cisco-IOS-XE-icmp.yang,/ios:native/ios:interface/ios:FourHundredGigE/ios:ipv6,,augment declaration added,,,,0,0
Config,Cisco-IOS-XE-icmp.yang,/ios:native/ios:interface/ios:FourHundredGigE/ios:ipv6,,uses reference added,/,,config-interface-ip-icmp-grouping,,
Config,Cisco-IOS-XE-icmp.yang,/ios:native/ios:interface/ios:TwoHundredGigE/ios:ip,,augment declaration added,,,,0,0
Config,Cisco-IOS-XE-icmp.yang,/ios:native/ios:interface/ios:TwoHundredGigE/ios:ip,,uses reference added,/,,config-interface-ip-icmp-grouping,,
Config,Cisco-IOS-XE-icmp.yang,/ios:native/ios:interface/ios:TwoHundredGigE/ios:ipv6,,augment declaration added,,,,0,0
Config,Cisco-IOS-XE-icmp.yang,/ios:native/ios:interface/ios:TwoHundredGigE/ios:ipv6,,uses reference added,/,,config-interface-ip-icmp-grouping,,
Config,Cisco-IOS-XE-igmp.yang,/ios:native/ios:interface/ios:FourHundredGigE/ios:ip,,augment declaration added,,,,0,0
Config,Cisco-IOS-XE-igmp.yang,/ios:native/ios:interface/ios:FourHundredGigE/ios:ip,,uses reference added,/,,config-interface-ip-igmp-grouping,,
Config,Cisco-IOS-XE-igmp.yang,/ios:native/ios:interface/ios:TwoHundredGigE/ios:ip,,augment declaration added,,,,0,0
Config,Cisco-IOS-XE-igmp.yang,/ios:native/ios:interface/ios:TwoHundredGigE/ios:ip,,uses reference added,/,,config-interface-ip-igmp-grouping,,
Config,Cisco-IOS-XE-isg.yang,/ios:native/ios:interface/ios:FourHundredGigE/ios:ip,,augment declaration added,,,,0,0
Config,Cisco-IOS-XE-isg.yang,/ios:native/ios:interface/ios:FourHundredGigE/ios:ip,,uses reference added,/,,config-interface-ip-subscriber-grouping,,
Config,Cisco-IOS-XE-isg.yang,/ios:native/ios:interface/ios:TwoHundredGigE/ios:ip,,augment declaration added,,,,0,0
Config,Cisco-IOS-XE-isg.yang,/ios:native/ios:interface/ios:TwoHundredGigE/ios:ip,,uses reference added,/,,config-interface-ip-subscriber-grouping,,
Config,Cisco-IOS-XE-isis.yang,/ios:native/ios:interface/ios:FourHundredGigE/ios:clns,,augment declaration added,,,,0,0
Config,Cisco-IOS-XE-isis.yang,/ios:native/ios:interface/ios:FourHundredGigE/ios:clns,,uses reference added,/,,config-interface-clns-grouping,,
Config,Cisco-IOS-XE-isis.yang,/ios:native/ios:interface/ios:FourHundredGigE/ios:ip/ios:router,,augment declaration added,,,,0,0
Config,Cisco-IOS-XE-isis.yang,/ios:native/ios:interface/ios:FourHundredGigE/ios:ip/ios:router,,uses reference added,/,,config-interface-ip-router-isis-grouping,,
Config,Cisco-IOS-XE-isis.yang,/ios:native/ios:interface/ios:FourHundredGigE/ios:ipv6/ios:router,,augment declaration added,,,,0,0
Config,Cisco-IOS-XE-isis.yang,/ios:native/ios:interface/ios:FourHundredGigE/ios:ipv6/ios:router,,uses reference added,/,,config-interface-ipv6-router-isis-grouping,,
Config,Cisco-IOS-XE-isis.yang,/ios:native/ios:interface/ios:FourHundredGigE/ios:isis,,augment declaration added,,,,0,0
Config,Cisco-IOS-XE-isis.yang,/ios:native/ios:interface/ios:FourHundredGigE/ios:isis,,uses reference added,/,,config-interface-isis-grouping,,
Config,Cisco-IOS-XE-isis.yang,/ios:native/ios:interface/ios:FourHundredGigE/ios:isis,,uses reference added,/,,config-interface-isis-network-grouping,,
Config,Cisco-IOS-XE-isis.yang,/ios:native/ios:interface/ios:FourHundredGigE/ios:isis,when: ios-isis:network/ios-isis:point-to-point = 'false',augment declaration added,,,,0,1
Config,Cisco-IOS-XE-isis.yang,/ios:native/ios:interface/ios:FourHundredGigE/ios:isis,when: ios-isis:network/ios-isis:point-to-point = 'false',uses reference added,/isis-lan,,config-interface-isis-lan-grouping,,
Config,Cisco-IOS-XE-isis.yang,/ios:native/ios:interface/ios:FourHundredGigE/ios:isis,when: ios-isis:network/ios-isis:point-to-point = 'true',augment declaration added,,,,0,1
Config,Cisco-IOS-XE-isis.yang,/ios:native/ios:interface/ios:FourHundredGigE/ios:isis,when: ios-isis:network/ios-isis:point-to-point = 'true',uses reference added,/isis-serial,,config-interface-isis-serial-grouping,,
Config,Cisco-IOS-XE-isis.yang,/ios:native/ios:interface/ios:TwoHundredGigE/ios:clns,,augment declaration added,,,,0,0
Config,Cisco-IOS-XE-isis.yang,/ios:native/ios:interface/ios:TwoHundredGigE/ios:clns,,uses reference added,/,,config-interface-clns-grouping,,
Config,Cisco-IOS-XE-isis.yang,/ios:native/ios:interface/ios:TwoHundredGigE/ios:ip/ios:router,,augment declaration added,,,,0,0
Config,Cisco-IOS-XE-isis.yang,/ios:native/ios:interface/ios:TwoHundredGigE/ios:ip/ios:router,,uses reference added,/,,config-interface-ip-router-isis-grouping,,
Config,Cisco-IOS-XE-isis.yang,/ios:native/ios:interface/ios:TwoHundredGigE/ios:ipv6/ios:router,,augment declaration added,,,,0,0
Config,Cisco-IOS-XE-isis.yang,/ios:native/ios:interface/ios:TwoHundredGigE/ios:ipv6/ios:router,,uses reference added,/,,config-interface-ipv6-router-isis-grouping,,
Config,Cisco-IOS-XE-isis.yang,/ios:native/ios:interface/ios:TwoHundredGigE/ios:isis,,augment declaration added,,,,0,0
Config,Cisco-IOS-XE-isis.yang,/ios:native/ios:interface/ios:TwoHundredGigE/ios:isis,,uses reference added,/,,config-interface-isis-grouping,,
Config,Cisco-IOS-XE-isis.yang,/ios:native/ios:interface/ios:TwoHundredGigE/ios:isis,,uses reference added,/,,config-interface-isis-network-grouping,,
Config,Cisco-IOS-XE-isis.yang,/ios:native/ios:interface/ios:TwoHundredGigE/ios:isis,when: ios-isis:network/ios-isis:point-to-point = 'false',augment declaration added,,,,0,1
Config,Cisco-IOS-XE-isis.yang,/ios:native/ios:interface/ios:TwoHundredGigE/ios:isis,when: ios-isis:network/ios-isis:point-to-point = 'false',uses reference added,/isis-lan,,config-interface-isis-lan-grouping,,
Config,Cisco-IOS-XE-isis.yang,/ios:native/ios:interface/ios:TwoHundredGigE/ios:isis,when: ios-isis:network/ios-isis:point-to-point = 'true',augment declaration added,,,,0,1
Config,Cisco-IOS-XE-isis.yang,/ios:native/ios:interface/ios:TwoHundredGigE/ios:isis,when: ios-isis:network/ios-isis:point-to-point = 'true',uses reference added,/isis-serial,,config-interface-isis-serial-grouping,,
Config,Cisco-IOS-XE-l2vpn.yang,/ios:native/ios:interface/ios:FourHundredGigE,,augment declaration added,,,,0,0
Config,Cisco-IOS-XE-l2vpn.yang,/ios:native/ios:interface/ios:FourHundredGigE,,uses reference added,/,,config-evpn-ethernet-segment,,
Config,Cisco-IOS-XE-l2vpn.yang,/ios:native/ios:interface/ios:FourHundredGigE,,uses reference added,/,,config-interface-xconnect-grouping,,
Config,Cisco-IOS-XE-l2vpn.yang,/ios:native/ios:interface/ios:FourHundredGigE/ios-eth:service/ios-eth:instance,,augment declaration added,,,,0,0
Config,Cisco-IOS-XE-l2vpn.yang,/ios:native/ios:interface/ios:FourHundredGigE/ios-eth:service/ios-eth:instance,,uses reference added,/,,config-interface-efp-xconnect-grouping,,
Config,Cisco-IOS-XE-l2vpn.yang,/ios:native/ios:interface/ios:TwoHundredGigE,,augment declaration added,,,,0,0
Config,Cisco-IOS-XE-l2vpn.yang,/ios:native/ios:interface/ios:TwoHundredGigE,,uses reference added,/,,config-evpn-ethernet-segment,,
Config,Cisco-IOS-XE-l2vpn.yang,/ios:native/ios:interface/ios:TwoHundredGigE,,uses reference added,/,,config-interface-xconnect-grouping,,
Config,Cisco-IOS-XE-l2vpn.yang,/ios:native/ios:interface/ios:TwoHundredGigE/ios-eth:service/ios-eth:instance,,augment declaration added,,,,0,0
Config,Cisco-IOS-XE-l2vpn.yang,/ios:native/ios:interface/ios:TwoHundredGigE/ios-eth:service/ios-eth:instance,,uses reference added,/,,config-interface-efp-xconnect-grouping,,
Config,Cisco-IOS-XE-lisp.yang,/ios:native/ios:interface/ios:FiftyGigabitEthernet,,augment declaration added,,,,0,0
Config,Cisco-IOS-XE-lisp.yang,/ios:native/ios:interface/ios:FiftyGigabitEthernet,,uses reference added,/,,config-interface-lisp-grouping,,
Config,Cisco-IOS-XE-lisp.yang,/ios:native/ios:interface/ios:FiftyGigabitEthernet/ios:ip,,augment declaration added,,,,0,0
Config,Cisco-IOS-XE-lisp.yang,/ios:native/ios:interface/ios:FiftyGigabitEthernet/ios:ip,,uses reference added,/,,config-interface-ip-lisp-grouping,,
Config,Cisco-IOS-XE-lisp.yang,/ios:native/ios:interface/ios:FourHundredGigE,,augment declaration added,,,,0,0
Config,Cisco-IOS-XE-lisp.yang,/ios:native/ios:interface/ios:FourHundredGigE,,uses reference added,/,,config-interface-lisp-grouping,,
Config,Cisco-IOS-XE-lisp.yang,/ios:native/ios:interface/ios:FourHundredGigE/ios:ip,,augment declaration added,,,,0,0
Config,Cisco-IOS-XE-lisp.yang,/ios:native/ios:interface/ios:FourHundredGigE/ios:ip,,uses reference added,/,,config-interface-ip-lisp-grouping,,
Config,Cisco-IOS-XE-lisp.yang,/ios:native/ios:interface/ios:TwoHundredGigE,,augment declaration added,,,,0,0
Config,Cisco-IOS-XE-lisp.yang,/ios:native/ios:interface/ios:TwoHundredGigE,,uses reference added,/,,config-interface-lisp-grouping,,
Config,Cisco-IOS-XE-lisp.yang,/ios:native/ios:interface/ios:TwoHundredGigE/ios:ip,,augment declaration added,,,,0,0
Config,Cisco-IOS-XE-lisp.yang,/ios:native/ios:interface/ios:TwoHundredGigE/ios:ip,,uses reference added,/,,config-interface-ip-lisp-grouping,,
Config,Cisco-IOS-XE-lldp.yang,/ios:native/ios:interface/ios:FourHundredGigE,,augment declaration added,,,,0,0
Config,Cisco-IOS-XE-lldp.yang,/ios:native/ios:interface/ios:FourHundredGigE,,uses reference added,/,,config-interface-lldp-grouping,,
Config,Cisco-IOS-XE-lldp.yang,/ios:native/ios:interface/ios:TwoHundredGigE,,augment declaration added,,,,0,0
Config,Cisco-IOS-XE-lldp.yang,/ios:native/ios:interface/ios:TwoHundredGigE,,uses reference added,/,,config-interface-lldp-grouping,,
Config,Cisco-IOS-XE-loop-detect.yang,/ios:native/ios:interface/ios:FourHundredGigE,,augment declaration added,,,,0,0
Config,Cisco-IOS-XE-loop-detect.yang,/ios:native/ios:interface/ios:FourHundredGigE,,uses reference added,/,,config-interface-loop-detect-grouping,,
Config,Cisco-IOS-XE-loop-detect.yang,/ios:native/ios:interface/ios:TwoHundredGigE,,augment declaration added,,,,0,0
Config,Cisco-IOS-XE-loop-detect.yang,/ios:native/ios:interface/ios:TwoHundredGigE,,uses reference added,/,,config-interface-loop-detect-grouping,,
Config,Cisco-IOS-XE-mdns-gateway.yang,/ios:native/ios:interface/ios:FourHundredGigE,,augment declaration added,,,,0,0
Config,Cisco-IOS-XE-mdns-gateway.yang,/ios:native/ios:interface/ios:FourHundredGigE,,uses reference added,/,,mdns-sd-switch-eth-intf-grouping,,
Config,Cisco-IOS-XE-mdns-gateway.yang,/ios:native/ios:interface/ios:TwoHundredGigE,,augment declaration added,,,,0,0
Config,Cisco-IOS-XE-mdns-gateway.yang,/ios:native/ios:interface/ios:TwoHundredGigE,,uses reference added,/,,mdns-sd-switch-eth-intf-grouping,,
Config,Cisco-IOS-XE-mka.yang,/ios:native/ios:interface/ios:FourHundredGigE,,augment declaration added,,,,0,0
Config,Cisco-IOS-XE-mka.yang,/ios:native/ios:interface/ios:FourHundredGigE,,uses reference added,/,,config-interface-mka-grouping,,
Config,Cisco-IOS-XE-mka.yang,/ios:native/ios:interface/ios:TwoHundredGigE,,augment declaration added,,,,0,0
Config,Cisco-IOS-XE-mka.yang,/ios:native/ios:interface/ios:TwoHundredGigE,,uses reference added,/,,config-interface-mka-grouping,,
Config,Cisco-IOS-XE-mld.yang,/ios:native/ios:interface/ios:FourHundredGigE/ios:ipv6,,augment declaration added,,,,0,0
Config,Cisco-IOS-XE-mld.yang,/ios:native/ios:interface/ios:FourHundredGigE/ios:ipv6,,uses reference added,/,,config-interface-ipv6-mld-group,,
Config,Cisco-IOS-XE-mld.yang,/ios:native/ios:interface/ios:TwoHundredGigE/ios:ipv6,,augment declaration added,,,,0,0
Config,Cisco-IOS-XE-mld.yang,/ios:native/ios:interface/ios:TwoHundredGigE/ios:ipv6,,uses reference added,/,,config-interface-ipv6-mld-group,,
Config,Cisco-IOS-XE-mld.yang,/ios:native/ios:interface/ios:Vif/ios:ipv6,,augment declaration added,,,,0,0
Config,Cisco-IOS-XE-mld.yang,/ios:native/ios:interface/ios:Vif/ios:ipv6,,uses reference added,/,,config-interface-ipv6-mld-group,,
Config,Cisco-IOS-XE-mpls.yang,/ios:native/ios:interface/ios:FiftyGigabitEthernet/ios:mpls,,augment declaration added,,,,0,0
Config,Cisco-IOS-XE-mpls.yang,/ios:native/ios:interface/ios:FiftyGigabitEthernet/ios:mpls,,uses reference added,/,,config-interface-mpls-grouping,,
Config,Cisco-IOS-XE-mpls.yang,/ios:native/ios:interface/ios:FourHundredGigE/ios:mpls,,augment declaration added,,,,0,0
Config,Cisco-IOS-XE-mpls.yang,/ios:native/ios:interface/ios:FourHundredGigE/ios:mpls,,uses reference added,/,,config-interface-mpls-grouping,,
Config,Cisco-IOS-XE-mpls.yang,/ios:native/ios:interface/ios:TwoHundredGigE/ios:mpls,,augment declaration added,,,,0,0
Config,Cisco-IOS-XE-mpls.yang,/ios:native/ios:interface/ios:TwoHundredGigE/ios:mpls,,uses reference added,/,,config-interface-mpls-grouping,,
Config,Cisco-IOS-XE-multicast.yang,/ios:native/ios:interface/ios:FourHundredGigE/ios:ip,,augment declaration added,,,,0,0
Config,Cisco-IOS-XE-multicast.yang,/ios:native/ios:interface/ios:FourHundredGigE/ios:ip,,uses reference added,/,,config-interface-ip-mcast-grouping,,
Config,Cisco-IOS-XE-multicast.yang,/ios:native/ios:interface/ios:FourHundredGigE/ios:ip/ios:pim,,augment declaration added,,,,0,0
Config,Cisco-IOS-XE-multicast.yang,/ios:native/ios:interface/ios:FourHundredGigE/ios:ip/ios:pim,,uses reference added,/,,config-interface-ip-pim-grouping,,
Config,Cisco-IOS-XE-multicast.yang,/ios:native/ios:interface/ios:FourHundredGigE/ios:ipv6,,augment declaration added,,,,0,0
Config,Cisco-IOS-XE-multicast.yang,/ios:native/ios:interface/ios:FourHundredGigE/ios:ipv6,,uses reference added,/,,config-interface-ipv6-pim-grouping,,
Config,Cisco-IOS-XE-multicast.yang,/ios:native/ios:interface/ios:TwoHundredGigE/ios:ip,,augment declaration added,,,,0,0
Config,Cisco-IOS-XE-multicast.yang,/ios:native/ios:interface/ios:TwoHundredGigE/ios:ip,,uses reference added,/,,config-interface-ip-mcast-grouping,,
Config,Cisco-IOS-XE-multicast.yang,/ios:native/ios:interface/ios:TwoHundredGigE/ios:ip/ios:pim,,augment declaration added,,,,0,0
Config,Cisco-IOS-XE-multicast.yang,/ios:native/ios:interface/ios:TwoHundredGigE/ios:ip/ios:pim,,uses reference added,/,,config-interface-ip-pim-grouping,,
Config,Cisco-IOS-XE-multicast.yang,/ios:native/ios:interface/ios:TwoHundredGigE/ios:ipv6,,augment declaration added,,,,0,0
Config,Cisco-IOS-XE-multicast.yang,/ios:native/ios:interface/ios:TwoHundredGigE/ios:ipv6,,uses reference added,/,,config-interface-ipv6-pim-grouping,,
Config,Cisco-IOS-XE-multicast.yang,/ios:native/ios:interface/ios:Vif/ios:ipv6,,uses reference added,/,,config-ipv6-service-reflect-list-grouping,,
Config,Cisco-IOS-XE-mvrp.yang,/ios:native/ios:interface/ios:FourHundredGigE,,augment declaration added,,,,0,0
Config,Cisco-IOS-XE-mvrp.yang,/ios:native/ios:interface/ios:FourHundredGigE,,uses reference added,/,,config-interface-mvrp-grouping,,
Config,Cisco-IOS-XE-mvrp.yang,/ios:native/ios:interface/ios:TwoHundredGigE,,augment declaration added,,,,0,0
Config,Cisco-IOS-XE-mvrp.yang,/ios:native/ios:interface/ios:TwoHundredGigE,,uses reference added,/,,config-interface-mvrp-grouping,,
Config,Cisco-IOS-XE-nat.yang,/ios:native/ios:interface/ios:FourHundredGigE,,augment declaration added,,,,0,0
Config,Cisco-IOS-XE-nat.yang,/ios:native/ios:interface/ios:FourHundredGigE,,uses reference added,/,,config-interface-nat64-grouping,,
Config,Cisco-IOS-XE-nat.yang,/ios:native/ios:interface/ios:FourHundredGigE,,uses reference added,/,,config-interface-nat66-grouping,,
Config,Cisco-IOS-XE-nat.yang,/ios:native/ios:interface/ios:FourHundredGigE/ios:ip,,augment declaration added,,,,0,0
Config,Cisco-IOS-XE-nat.yang,/ios:native/ios:interface/ios:FourHundredGigE/ios:ip,,uses reference added,/,,config-interface-ip-nat-grouping,,
Config,Cisco-IOS-XE-nat.yang,/ios:native/ios:interface/ios:TwoHundredGigE,,augment declaration added,,,,0,0
Config,Cisco-IOS-XE-nat.yang,/ios:native/ios:interface/ios:TwoHundredGigE,,uses reference added,/,,config-interface-nat64-grouping,,
Config,Cisco-IOS-XE-nat.yang,/ios:native/ios:interface/ios:TwoHundredGigE,,uses reference added,/,,config-interface-nat66-grouping,,
Config,Cisco-IOS-XE-nat.yang,/ios:native/ios:interface/ios:TwoHundredGigE/ios:ip,,augment declaration added,,,,0,0
Config,Cisco-IOS-XE-nat.yang,/ios:native/ios:interface/ios:TwoHundredGigE/ios:ip,,uses reference added,/,,config-interface-ip-nat-grouping,,
Config,Cisco-IOS-XE-nbar.yang,/ios:native/ios:interface/ios:FourHundredGigE/ios:ip,,augment declaration added,,,,0,0
Config,Cisco-IOS-XE-nbar.yang,/ios:native/ios:interface/ios:FourHundredGigE/ios:ip,,uses reference added,/,,config-interface-ip-nbar-grouping,,
Config,Cisco-IOS-XE-nbar.yang,/ios:native/ios:interface/ios:TwoHundredGigE/ios:ip,,augment declaration added,,,,0,0
Config,Cisco-IOS-XE-nbar.yang,/ios:native/ios:interface/ios:TwoHundredGigE/ios:ip,,uses reference added,/,,config-interface-ip-nbar-grouping,,
Config,Cisco-IOS-XE-nd.yang,/ios:native/ios:interface/ios:FourHundredGigE/ios:ipv6/ios:nd,,augment declaration added,,,,0,0
Config,Cisco-IOS-XE-nd.yang,/ios:native/ios:interface/ios:FourHundredGigE/ios:ipv6/ios:nd,,uses reference added,/,,config-interface-ipv6-nd-grouping,,
Config,Cisco-IOS-XE-nd.yang,/ios:native/ios:interface/ios:TwoHundredGigE/ios:ipv6/ios:nd,,augment declaration added,,,,0,0
Config,Cisco-IOS-XE-nd.yang,/ios:native/ios:interface/ios:TwoHundredGigE/ios:ipv6/ios:nd,,uses reference added,/,,config-interface-ipv6-nd-grouping,,
Config,Cisco-IOS-XE-ntp.yang,/ios:native/ios:interface/ios:FourHundredGigE,,augment declaration added,,,,0,0
Config,Cisco-IOS-XE-ntp.yang,/ios:native/ios:interface/ios:FourHundredGigE,,uses reference added,/,,config-interface-ntp-grouping,,
Config,Cisco-IOS-XE-ntp.yang,/ios:native/ios:interface/ios:TwoHundredGigE,,augment declaration added,,,,0,0
Config,Cisco-IOS-XE-ntp.yang,/ios:native/ios:interface/ios:TwoHundredGigE,,uses reference added,/,,config-interface-ntp-grouping,,
Config,Cisco-IOS-XE-ospf.yang,/ios:native/ios:interface/ios:FourHundredGigE/ios:ip,,augment declaration added,,,,0,0
Config,Cisco-IOS-XE-ospf.yang,/ios:native/ios:interface/ios:FourHundredGigE/ios:ip,,uses reference added,/,,config-ospf-interface-ip-ospf-grouping,,
Config,Cisco-IOS-XE-ospf.yang,/ios:native/ios:interface/ios:TwoHundredGigE/ios:ip,,augment declaration added,,,,0,0
Config,Cisco-IOS-XE-ospf.yang,/ios:native/ios:interface/ios:TwoHundredGigE/ios:ip,,uses reference added,/,,config-ospf-interface-ip-ospf-grouping,,
Config,Cisco-IOS-XE-ospfv3.yang,/ios:native/ios:interface/ios:FourHundredGigE,,augment declaration added,,,,0,0
Config,Cisco-IOS-XE-ospfv3.yang,/ios:native/ios:interface/ios:FourHundredGigE,,uses reference added,/,,config-interface-ospfv3-grouping,,
Config,Cisco-IOS-XE-ospfv3.yang,/ios:native/ios:interface/ios:FourHundredGigE/ios:ipv6,,augment declaration added,,,,0,0
Config,Cisco-IOS-XE-ospfv3.yang,/ios:native/ios:interface/ios:FourHundredGigE/ios:ipv6,,uses reference added,/,,config-interface-ipv6-ospf-grouping,,
Config,Cisco-IOS-XE-ospfv3.yang,/ios:native/ios:interface/ios:TwoHundredGigE,,augment declaration added,,,,0,0
Config,Cisco-IOS-XE-ospfv3.yang,/ios:native/ios:interface/ios:TwoHundredGigE,,uses reference added,/,,config-interface-ospfv3-grouping,,
Config,Cisco-IOS-XE-ospfv3.yang,/ios:native/ios:interface/ios:TwoHundredGigE/ios:ipv6,,augment declaration added,,,,0,0
Config,Cisco-IOS-XE-ospfv3.yang,/ios:native/ios:interface/ios:TwoHundredGigE/ios:ipv6,,uses reference added,/,,config-interface-ipv6-ospf-grouping,,
Config,Cisco-IOS-XE-pnp.yang,/ios:native/ios:interface/ios:FourHundredGigE,,augment declaration added,,,,0,0
Config,Cisco-IOS-XE-pnp.yang,/ios:native/ios:interface/ios:FourHundredGigE,,uses reference added,/,,config-pnp-interface-grouping,,
Config,Cisco-IOS-XE-pnp.yang,/ios:native/ios:interface/ios:TwoHundredGigE,,augment declaration added,,,,0,0
Config,Cisco-IOS-XE-pnp.yang,/ios:native/ios:interface/ios:TwoHundredGigE,,uses reference added,/,,config-pnp-interface-grouping,,
Config,Cisco-IOS-XE-policy.yang,/ios:native/ios:interface/ios:FourHundredGigE,,augment declaration added,,,,0,0
Config,Cisco-IOS-XE-policy.yang,/ios:native/ios:interface/ios:FourHundredGigE,,uses reference added,/,,config-interface-service-policy-grouping,,
Config,Cisco-IOS-XE-policy.yang,/ios:native/ios:interface/ios:FourHundredGigE,,uses reference added,/,,config-service-group-interface,,
Config,Cisco-IOS-XE-policy.yang,/ios:native/ios:interface/ios:TwoHundredGigE,,augment declaration added,,,,0,0
Config,Cisco-IOS-XE-policy.yang,/ios:native/ios:interface/ios:TwoHundredGigE,,uses reference added,/,,config-interface-service-policy-grouping,,
Config,Cisco-IOS-XE-policy.yang,/ios:native/ios:interface/ios:TwoHundredGigE,,uses reference added,/,,config-service-group-interface,,
Config,Cisco-IOS-XE-power.yang,/ios:native/ios:interface/ios:FiftyGigabitEthernet,,augment declaration added,,,,0,0
Config,Cisco-IOS-XE-power.yang,/ios:native/ios:interface/ios:FiftyGigabitEthernet,,uses reference added,/,,config-interface-power-grouping,,
Config,Cisco-IOS-XE-power.yang,/ios:native/ios:interface/ios:FourHundredGigE,,augment declaration added,,,,0,0
Config,Cisco-IOS-XE-power.yang,/ios:native/ios:interface/ios:FourHundredGigE,,uses reference added,/,,config-interface-power-grouping,,
Config,Cisco-IOS-XE-power.yang,/ios:native/ios:interface/ios:TwoHundredGigE,,augment declaration added,,,,0,0
Config,Cisco-IOS-XE-power.yang,/ios:native/ios:interface/ios:TwoHundredGigE,,uses reference added,/,,config-interface-power-grouping,,
Config,Cisco-IOS-XE-ptp.yang,/ios:native/ios:interface/ios:FourHundredGigE,,augment declaration added,,,,0,0
Config,Cisco-IOS-XE-ptp.yang,/ios:native/ios:interface/ios:FourHundredGigE,,uses reference added,/,,config-interface-ptp-grouping,,
Config,Cisco-IOS-XE-ptp.yang,/ios:native/ios:interface/ios:TwoHundredGigE,,augment declaration added,,,,0,0
Config,Cisco-IOS-XE-ptp.yang,/ios:native/ios:interface/ios:TwoHundredGigE,,uses reference added,/,,config-interface-ptp-grouping,,
Config,Cisco-IOS-XE-rawsocket.yang,/ios:native/ios:interface/ios:Async,,direct node count changed,,,,2,6
Config,Cisco-IOS-XE-rip.yang,/ios:native/ios:interface/ios:FourHundredGigE/ios:ipv6,,augment declaration added,,,,0,0
Config,Cisco-IOS-XE-rip.yang,/ios:native/ios:interface/ios:FourHundredGigE/ios:ipv6,,uses reference added,/,,config-interface-ip-rip-grouping,,
Config,Cisco-IOS-XE-rip.yang,/ios:native/ios:interface/ios:TwoHundredGigE/ios:ipv6,,augment declaration added,,,,0,0
Config,Cisco-IOS-XE-rip.yang,/ios:native/ios:interface/ios:TwoHundredGigE/ios:ipv6,,uses reference added,/,,config-interface-ip-rip-grouping,,
Config,Cisco-IOS-XE-rsvp.yang,/ios:native/ios:interface/ios:FourHundredGigE/ios:ip,,augment declaration added,,,,0,0
Config,Cisco-IOS-XE-rsvp.yang,/ios:native/ios:interface/ios:FourHundredGigE/ios:ip,,uses reference added,/,,config-interface-ip-rsvp-grouping,,
Config,Cisco-IOS-XE-rsvp.yang,/ios:native/ios:interface/ios:TwoHundredGigE/ios:ip,,augment declaration added,,,,0,0
Config,Cisco-IOS-XE-rsvp.yang,/ios:native/ios:interface/ios:TwoHundredGigE/ios:ip,,uses reference added,/,,config-interface-ip-rsvp-grouping,,
Config,Cisco-IOS-XE-sanet.yang,/ios:native/ios:interface/ios:FourHundredGigE,,augment declaration added,,,,0,0
Config,Cisco-IOS-XE-sanet.yang,/ios:native/ios:interface/ios:FourHundredGigE,,uses reference added,/,,config-interface-authentication-grouping,,
Config,Cisco-IOS-XE-sanet.yang,/ios:native/ios:interface/ios:FourHundredGigE,,uses reference added,/,,config-interface-mab-grouping,,
Config,Cisco-IOS-XE-sanet.yang,/ios:native/ios:interface/ios:FourHundredGigE/ios:access-session,,augment declaration added,,,,0,0
Config,Cisco-IOS-XE-sanet.yang,/ios:native/ios:interface/ios:FourHundredGigE/ios:access-session,,uses reference added,/,,config-interface-access-session-grouping,,
Config,Cisco-IOS-XE-sanet.yang,/ios:native/ios:interface/ios:TwoHundredGigE,,augment declaration added,,,,0,0
Config,Cisco-IOS-XE-sanet.yang,/ios:native/ios:interface/ios:TwoHundredGigE,,uses reference added,/,,config-interface-authentication-grouping,,
Config,Cisco-IOS-XE-sanet.yang,/ios:native/ios:interface/ios:TwoHundredGigE,,uses reference added,/,,config-interface-mab-grouping,,
Config,Cisco-IOS-XE-sanet.yang,/ios:native/ios:interface/ios:TwoHundredGigE/ios:access-session,,augment declaration added,,,,0,0
Config,Cisco-IOS-XE-sanet.yang,/ios:native/ios:interface/ios:TwoHundredGigE/ios:access-session,,uses reference added,/,,config-interface-access-session-grouping,,
Config,Cisco-IOS-XE-snmp.yang,/ios:native/ios:interface/ios:FourHundredGigE,,augment declaration added,,,,0,0
Config,Cisco-IOS-XE-snmp.yang,/ios:native/ios:interface/ios:FourHundredGigE,,uses reference added,/,,config-interface-snmp-grouping,,
Config,Cisco-IOS-XE-snmp.yang,/ios:native/ios:interface/ios:TwoHundredGigE,,augment declaration added,,,,0,0
Config,Cisco-IOS-XE-snmp.yang,/ios:native/ios:interface/ios:TwoHundredGigE,,uses reference added,/,,config-interface-snmp-grouping,,
Config,Cisco-IOS-XE-spanning-tree.yang,/ios:native/ios:interface/ios:FourHundredGigE,,augment declaration added,,,,0,0
Config,Cisco-IOS-XE-spanning-tree.yang,/ios:native/ios:interface/ios:FourHundredGigE,,uses reference added,/,,config-interface-spanning-tree,,
Config,Cisco-IOS-XE-spanning-tree.yang,/ios:native/ios:interface/ios:TwoHundredGigE,,augment declaration added,,,,0,0
Config,Cisco-IOS-XE-spanning-tree.yang,/ios:native/ios:interface/ios:TwoHundredGigE,,uses reference added,/,,config-interface-spanning-tree,,
Config,Cisco-IOS-XE-switch.yang,/ios:native,,uses reference added,/,,config-network-policy-grouping-v2,,
Config,Cisco-IOS-XE-udld.yang,/ios:native/ios:interface/ios:FourHundredGigE,,augment declaration added,,,,0,0
Config,Cisco-IOS-XE-udld.yang,/ios:native/ios:interface/ios:FourHundredGigE,,uses reference added,/,,config-interface-udld-grouping,,
Config,Cisco-IOS-XE-udld.yang,/ios:native/ios:interface/ios:TwoHundredGigE,,augment declaration added,,,,0,0
Config,Cisco-IOS-XE-udld.yang,/ios:native/ios:interface/ios:TwoHundredGigE,,uses reference added,/,,config-interface-udld-grouping,,
Config,Cisco-IOS-XE-umbrella.yang,/ios:native/ios:interface/ios:FourHundredGigE,,augment declaration added,,,,0,0
Config,Cisco-IOS-XE-umbrella.yang,/ios:native/ios:interface/ios:FourHundredGigE,,uses reference added,/,,config-interface-umbrella-grouping,,
Config,Cisco-IOS-XE-umbrella.yang,/ios:native/ios:interface/ios:TwoHundredGigE,,augment declaration added,,,,0,0
Config,Cisco-IOS-XE-umbrella.yang,/ios:native/ios:interface/ios:TwoHundredGigE,,uses reference added,/,,config-interface-umbrella-grouping,,
Config,Cisco-IOS-XE-utd.yang,/ios:native/ios:interface/ios:FourHundredGigE,,augment declaration added,,,,0,0
Config,Cisco-IOS-XE-utd.yang,/ios:native/ios:interface/ios:FourHundredGigE,,uses reference added,/,,config-interface-utd-grouping,,
Config,Cisco-IOS-XE-utd.yang,/ios:native/ios:interface/ios:TwoHundredGigE,,augment declaration added,,,,0,0
Config,Cisco-IOS-XE-utd.yang,/ios:native/ios:interface/ios:TwoHundredGigE,,uses reference added,/,,config-interface-utd-grouping,,
Config,Cisco-IOS-XE-vrrp.yang,/ios:native/ios:interface/ios:FourHundredGigE,,augment declaration added,,,,0,0
Config,Cisco-IOS-XE-vrrp.yang,/ios:native/ios:interface/ios:FourHundredGigE,,uses reference added,/,,config-interface-vrrp-grouping,,
Config,Cisco-IOS-XE-vrrp.yang,/ios:native/ios:interface/ios:TwoHundredGigE,,augment declaration added,,,,0,0
Config,Cisco-IOS-XE-vrrp.yang,/ios:native/ios:interface/ios:TwoHundredGigE,,uses reference added,/,,config-interface-vrrp-grouping,,
Config,Cisco-IOS-XE-vtp.yang,/ios:native/ios:interface/ios:FourHundredGigE,,augment declaration added,,,,0,0
Config,Cisco-IOS-XE-vtp.yang,/ios:native/ios:interface/ios:FourHundredGigE,,uses reference added,/,,interface-vtp-grouping,,
Config,Cisco-IOS-XE-vtp.yang,/ios:native/ios:interface/ios:TwoHundredGigE,,augment declaration added,,,,0,0
Config,Cisco-IOS-XE-vtp.yang,/ios:native/ios:interface/ios:TwoHundredGigE,,uses reference added,/,,interface-vtp-grouping,,
Config,Cisco-IOS-XE-wccp.yang,/ios:native/ios:interface/ios:FourHundredGigE/ios:ip,,augment declaration added,,,,0,0
Config,Cisco-IOS-XE-wccp.yang,/ios:native/ios:interface/ios:FourHundredGigE/ios:ip,,uses reference added,/,,config-interface-ip-wccp-grouping,,
Config,Cisco-IOS-XE-wccp.yang,/ios:native/ios:interface/ios:TwoHundredGigE/ios:ip,,augment declaration added,,,,0,0
Config,Cisco-IOS-XE-wccp.yang,/ios:native/ios:interface/ios:TwoHundredGigE/ios:ip,,uses reference added,/,,config-interface-ip-wccp-grouping,,
