module,flavor,change,target,actions_before,actions_after,statements_before,statements_after
Cisco-IOS-XE-cdp-deviation.yang,Other,added,/ios:native/ios:interface/ios:FourHundredGigE/ios-cdp:cdp/ios-cdp:enable,,replace,,"[""deviation"",""/ios:native/ios:interface/ios:FourHundredGigE/ios-cdp:cdp/ios-cdp:enable"",[[""deviate"",""replace"",[[""default"",""false"",[]]]]]]"
Cisco-IOS-XE-cdp-deviation.yang,Other,added,/ios:native/ios:interface/ios:TwoHundredGigE/ios-cdp:cdp/ios-cdp:enable,,replace,,"[""deviation"",""/ios:native/ios:interface/ios:TwoHundredGigE/ios-cdp:cdp/ios-cdp:enable"",[[""deviate"",""replace"",[[""default"",""false"",[]]]]]]"
Cisco-IOS-XE-device-tracking-cat9k-deviation.yang,Other,added,/ios:native/ios:interface/ios:FourHundredGigE/ios-sw:device-tracking,,add,,"[""deviation"",""/ios:native/ios:interface/ios:FourHundredGigE/ios-sw:device-tracking"",[[""deviate"",""add"",[[""must"",""not (../ios:switchport-conf/ios:switchport = 'false') or (../ios:switchport-conf/ios:switchport = 'true')"",[]]]]]]"
Cisco-IOS-XE-device-tracking-cat9k-deviation.yang,Other,added,/ios:native/ios:interface/ios:TwoHundredGigE/ios-sw:device-tracking,,add,,"[""deviation"",""/ios:native/ios:interface/ios:TwoHundredGigE/ios-sw:device-tracking"",[[""deviate"",""add"",[[""must"",""not (../ios:switchport-conf/ios:switchport = 'false') or (../ios:switchport-conf/ios:switchport = 'true')"",[]]]]]]"
Cisco-IOS-XE-dhcp-deviation.yang,Other,added,/ios:native/ios:interface/ios:FourHundredGigE/ios:ip/ios:dhcp/ios-dhcp:snooping,,not-supported,,"[""deviation"",""/ios:native/ios:interface/ios:FourHundredGigE/ios:ip/ios:dhcp/ios-dhcp:snooping"",[[""deviate"",""not-supported"",[]]]]"
Cisco-IOS-XE-dhcp-deviation.yang,Other,added,/ios:native/ios:interface/ios:TwoHundredGigE/ios:ip/ios:dhcp/ios-dhcp:snooping,,not-supported,,"[""deviation"",""/ios:native/ios:interface/ios:TwoHundredGigE/ios:ip/ios:dhcp/ios-dhcp:snooping"",[[""deviate"",""not-supported"",[]]]]"
Cisco-IOS-XE-ethernet-radium-deviation.yang,Other,added,/ios:native/ios:interface/ios:Port-channel/ios-eth:lacp/ios-eth:max-bundle,,replace,,"[""deviation"",""/ios:native/ios:interface/ios:Port-channel/ios-eth:lacp/ios-eth:max-bundle"",[[""deviate"",""replace"",[[""type"",""uint8"",[[""range"",""1..4"",[]]]]]]]]"
Cisco-IOS-XE-interfaces-deviation.yang,Other,added,/ios:native/ios:interface/ios:ATM-subinterface/ios:ATM/ios:ip/ios:address-choice/ios:forward/ios:forward,,not-supported,,"[""deviation"",""/ios:native/ios:interface/ios:ATM-subinterface/ios:ATM/ios:ip/ios:address-choice/ios:forward/ios:forward"",[[""deviate"",""not-supported"",[]]]]"
Cisco-IOS-XE-interfaces-deviation.yang,Other,added,/ios:native/ios:interface/ios:ATM/ios:ip/ios:address-choice/ios:forward/ios:forward,,not-supported,,"[""deviation"",""/ios:native/ios:interface/ios:ATM/ios:ip/ios:address-choice/ios:forward/ios:forward"",[[""deviate"",""not-supported"",[]]]]"
Cisco-IOS-XE-interfaces-deviation.yang,Other,added,/ios:native/ios:interface/ios:AppGigabitEthernet/ios:ip/ios:address-choice/ios:forward/ios:forward,,not-supported,,"[""deviation"",""/ios:native/ios:interface/ios:AppGigabitEthernet/ios:ip/ios:address-choice/ios:forward/ios:forward"",[[""deviate"",""not-supported"",[]]]]"
Cisco-IOS-XE-interfaces-deviation.yang,Other,added,/ios:native/ios:interface/ios:AppNav-Compress/ios:ip/ios:address-choice/ios:forward/ios:forward,,not-supported,,"[""deviation"",""/ios:native/ios:interface/ios:AppNav-Compress/ios:ip/ios:address-choice/ios:forward/ios:forward"",[[""deviate"",""not-supported"",[]]]]"
Cisco-IOS-XE-interfaces-deviation.yang,Other,added,/ios:native/ios:interface/ios:AppNav-UnCompress/ios:ip/ios:address-choice/ios:forward/ios:forward,,not-supported,,"[""deviation"",""/ios:native/ios:interface/ios:AppNav-UnCompress/ios:ip/ios:address-choice/ios:forward/ios:forward"",[[""deviate"",""not-supported"",[]]]]"
Cisco-IOS-XE-interfaces-deviation.yang,Other,added,/ios:native/ios:interface/ios:Async/ios:ip/ios:address-choice/ios:forward/ios:forward,,not-supported,,"[""deviation"",""/ios:native/ios:interface/ios:Async/ios:ip/ios:address-choice/ios:forward/ios:forward"",[[""deviate"",""not-supported"",[]]]]"
Cisco-IOS-XE-interfaces-deviation.yang,Other,added,/ios:native/ios:interface/ios:BD-VIF/ios:ip/ios:address-choice/ios:forward/ios:forward,,not-supported,,"[""deviation"",""/ios:native/ios:interface/ios:BD-VIF/ios:ip/ios:address-choice/ios:forward/ios:forward"",[[""deviate"",""not-supported"",[]]]]"
Cisco-IOS-XE-interfaces-deviation.yang,Other,added,/ios:native/ios:interface/ios:BDI/ios:ip/ios:address-choice/ios:forward/ios:forward,,not-supported,,"[""deviation"",""/ios:native/ios:interface/ios:BDI/ios:ip/ios:address-choice/ios:forward/ios:forward"",[[""deviate"",""not-supported"",[]]]]"
Cisco-IOS-XE-interfaces-deviation.yang,Other,added,/ios:native/ios:interface/ios:Bundle/ios:ip/ios:address-choice/ios:forward/ios:forward,,not-supported,,"[""deviation"",""/ios:native/ios:interface/ios:Bundle/ios:ip/ios:address-choice/ios:forward/ios:forward"",[[""deviate"",""not-supported"",[]]]]"
Cisco-IOS-XE-interfaces-deviation.yang,Other,added,/ios:native/ios:interface/ios:Cellular/ios:ip/ios:address-choice/ios:forward/ios:forward,,not-supported,,"[""deviation"",""/ios:native/ios:interface/ios:Cellular/ios:ip/ios:address-choice/ios:forward/ios:forward"",[[""deviate"",""not-supported"",[]]]]"
Cisco-IOS-XE-interfaces-deviation.yang,Other,added,/ios:native/ios:interface/ios:Dialer/ios:ip/ios:address-choice/ios:forward/ios:forward,,not-supported,,"[""deviation"",""/ios:native/ios:interface/ios:Dialer/ios:ip/ios:address-choice/ios:forward/ios:forward"",[[""deviate"",""not-supported"",[]]]]"
Cisco-IOS-XE-interfaces-deviation.yang,Other,added,/ios:native/ios:interface/ios:Embedded-Service-Engine/ios:ip/ios:address-choice/ios:forward/ios:forward,,not-supported,,"[""deviation"",""/ios:native/ios:interface/ios:Embedded-Service-Engine/ios:ip/ios:address-choice/ios:forward/ios:forward"",[[""deviate"",""not-supported"",[]]]]"
Cisco-IOS-XE-interfaces-deviation.yang,Other,added,/ios:native/ios:interface/ios:Ethernet-Internal/ios:ip/ios:address-choice/ios:forward/ios:forward,,not-supported,,"[""deviation"",""/ios:native/ios:interface/ios:Ethernet-Internal/ios:ip/ios:address-choice/ios:forward/ios:forward"",[[""deviate"",""not-supported"",[]]]]"
Cisco-IOS-XE-interfaces-deviation.yang,Other,added,/ios:native/ios:interface/ios:GMPLS/ios:ip/ios:address-choice/ios:forward/ios:forward,,not-supported,,"[""deviation"",""/ios:native/ios:interface/ios:GMPLS/ios:ip/ios:address-choice/ios:forward/ios:forward"",[[""deviate"",""not-supported"",[]]]]"
Cisco-IOS-XE-interfaces-deviation.yang,Other,added,/ios:native/ios:interface/ios:Group-Async/ios:ip/ios:address-choice/ios:forward/ios:forward,,not-supported,,"[""deviation"",""/ios:native/ios:interface/ios:Group-Async/ios:ip/ios:address-choice/ios:forward/ios:forward"",[[""deviate"",""not-supported"",[]]]]"
Cisco-IOS-XE-interfaces-deviation.yang,Other,added,/ios:native/ios:interface/ios:HSR-ring/ios:ip/ios:address-choice/ios:forward/ios:forward,,not-supported,,"[""deviation"",""/ios:native/ios:interface/ios:HSR-ring/ios:ip/ios:address-choice/ios:forward/ios:forward"",[[""deviate"",""not-supported"",[]]]]"
Cisco-IOS-XE-interfaces-deviation.yang,Other,added,/ios:native/ios:interface/ios:L2LISP-subinterface/ios:L2LISP/ios:ip/ios:address-choice/ios:forward/ios:forward,,not-supported,,"[""deviation"",""/ios:native/ios:interface/ios:L2LISP-subinterface/ios:L2LISP/ios:ip/ios:address-choice/ios:forward/ios:forward"",[[""deviate"",""not-supported"",[]]]]"
Cisco-IOS-XE-interfaces-deviation.yang,Other,added,/ios:native/ios:interface/ios:L2LISP/ios:ip/ios:address-choice/ios:forward/ios:forward,,not-supported,,"[""deviation"",""/ios:native/ios:interface/ios:L2LISP/ios:ip/ios:address-choice/ios:forward/ios:forward"",[[""deviate"",""not-supported"",[]]]]"
Cisco-IOS-XE-interfaces-deviation.yang,Other,added,/ios:native/ios:interface/ios:LISP-subinterface/ios:LISP/ios:ip/ios:address-choice/ios:forward/ios:forward,,not-supported,,"[""deviation"",""/ios:native/ios:interface/ios:LISP-subinterface/ios:LISP/ios:ip/ios:address-choice/ios:forward/ios:forward"",[[""deviate"",""not-supported"",[]]]]"
Cisco-IOS-XE-interfaces-deviation.yang,Other,added,/ios:native/ios:interface/ios:LISP/ios:ip/ios:address-choice/ios:forward/ios:forward,,not-supported,,"[""deviation"",""/ios:native/ios:interface/ios:LISP/ios:ip/ios:address-choice/ios:forward/ios:forward"",[[""deviate"",""not-supported"",[]]]]"
Cisco-IOS-XE-interfaces-deviation.yang,Other,added,/ios:native/ios:interface/ios:LORAWAN/ios:ip/ios:address-choice/ios:forward/ios:forward,,not-supported,,"[""deviation"",""/ios:native/ios:interface/ios:LORAWAN/ios:ip/ios:address-choice/ios:forward/ios:forward"",[[""deviate"",""not-supported"",[]]]]"
Cisco-IOS-XE-interfaces-deviation.yang,Other,added,/ios:native/ios:interface/ios:Loopback/ios:ip/ios:address-choice/ios:forward/ios:forward,,not-supported,,"[""deviation"",""/ios:native/ios:interface/ios:Loopback/ios:ip/ios:address-choice/ios:forward/ios:forward"",[[""deviate"",""not-supported"",[]]]]"
Cisco-IOS-XE-interfaces-deviation.yang,Other,added,/ios:native/ios:interface/ios:MFR-subinterface/ios:MFR/ios:ip/ios:address-choice/ios:forward/ios:forward,,not-supported,,"[""deviation"",""/ios:native/ios:interface/ios:MFR-subinterface/ios:MFR/ios:ip/ios:address-choice/ios:forward/ios:forward"",[[""deviate"",""not-supported"",[]]]]"
Cisco-IOS-XE-interfaces-deviation.yang,Other,added,/ios:native/ios:interface/ios:MFR/ios:ip/ios:address-choice/ios:forward/ios:forward,,not-supported,,"[""deviation"",""/ios:native/ios:interface/ios:MFR/ios:ip/ios:address-choice/ios:forward/ios:forward"",[[""deviate"",""not-supported"",[]]]]"
Cisco-IOS-XE-interfaces-deviation.yang,Other,added,/ios:native/ios:interface/ios:Multilink/ios:ip/ios:address-choice/ios:forward/ios:forward,,not-supported,,"[""deviation"",""/ios:native/ios:interface/ios:Multilink/ios:ip/ios:address-choice/ios:forward/ios:forward"",[[""deviate"",""not-supported"",[]]]]"
Cisco-IOS-XE-interfaces-deviation.yang,Other,added,/ios:native/ios:interface/ios:PRP-channel/ios:ip/ios:address-choice/ios:forward/ios:forward,,not-supported,,"[""deviation"",""/ios:native/ios:interface/ios:PRP-channel/ios:ip/ios:address-choice/ios:forward/ios:forward"",[[""deviate"",""not-supported"",[]]]]"
Cisco-IOS-XE-interfaces-deviation.yang,Other,added,/ios:native/ios:interface/ios:SM/ios:ip/ios:address-choice/ios:forward/ios:forward,,not-supported,,"[""deviation"",""/ios:native/ios:interface/ios:SM/ios:ip/ios:address-choice/ios:forward/ios:forward"",[[""deviate"",""not-supported"",[]]]]"
Cisco-IOS-XE-interfaces-deviation.yang,Other,added,/ios:native/ios:interface/ios:Serial-subinterface/ios:Serial/ios:ip/ios:address-choice/ios:forward/ios:forward,,not-supported,,"[""deviation"",""/ios:native/ios:interface/ios:Serial-subinterface/ios:Serial/ios:ip/ios:address-choice/ios:forward/ios:forward"",[[""deviate"",""not-supported"",[]]]]"
Cisco-IOS-XE-interfaces-deviation.yang,Other,added,/ios:native/ios:interface/ios:Serial/ios:ip/ios:address-choice/ios:forward/ios:forward,,not-supported,,"[""deviation"",""/ios:native/ios:interface/ios:Serial/ios:ip/ios:address-choice/ios:forward/ios:forward"",[[""deviate"",""not-supported"",[]]]]"
Cisco-IOS-XE-interfaces-deviation.yang,Other,added,/ios:native/ios:interface/ios:Service-Engine/ios:ip/ios:address-choice/ios:forward/ios:forward,,not-supported,,"[""deviation"",""/ios:native/ios:interface/ios:Service-Engine/ios:ip/ios:address-choice/ios:forward/ios:forward"",[[""deviate"",""not-supported"",[]]]]"
Cisco-IOS-XE-interfaces-deviation.yang,Other,added,/ios:native/ios:interface/ios:Tunnel/ios:ip/ios:address-choice/ios:forward/ios:forward,,not-supported,,"[""deviation"",""/ios:native/ios:interface/ios:Tunnel/ios:ip/ios:address-choice/ios:forward/ios:forward"",[[""deviate"",""not-supported"",[]]]]"
Cisco-IOS-XE-interfaces-deviation.yang,Other,added,/ios:native/ios:interface/ios:Vif/ios:ip/ios:address-choice/ios:forward/ios:forward,,not-supported,,"[""deviation"",""/ios:native/ios:interface/ios:Vif/ios:ip/ios:address-choice/ios:forward/ios:forward"",[[""deviate"",""not-supported"",[]]]]"
Cisco-IOS-XE-interfaces-deviation.yang,Other,added,/ios:native/ios:interface/ios:Virtual-PPP/ios:ip/ios:address-choice/ios:forward/ios:forward,,not-supported,,"[""deviation"",""/ios:native/ios:interface/ios:Virtual-PPP/ios:ip/ios:address-choice/ios:forward/ios:forward"",[[""deviate"",""not-supported"",[]]]]"
Cisco-IOS-XE-interfaces-deviation.yang,Other,added,/ios:native/ios:interface/ios:Virtual-Template/ios:ip/ios:address-choice/ios:forward/ios:forward,,not-supported,,"[""deviation"",""/ios:native/ios:interface/ios:Virtual-Template/ios:ip/ios:address-choice/ios:forward/ios:forward"",[[""deviate"",""not-supported"",[]]]]"
Cisco-IOS-XE-interfaces-deviation.yang,Other,added,/ios:native/ios:interface/ios:Virtual-WPAN/ios:ip/ios:address-choice/ios:forward/ios:forward,,not-supported,,"[""deviation"",""/ios:native/ios:interface/ios:Virtual-WPAN/ios:ip/ios:address-choice/ios:forward/ios:forward"",[[""deviate"",""not-supported"",[]]]]"
Cisco-IOS-XE-interfaces-deviation.yang,Other,added,/ios:native/ios:interface/ios:VirtualPortGroup/ios:ip/ios:address-choice/ios:forward/ios:forward,,not-supported,,"[""deviation"",""/ios:native/ios:interface/ios:VirtualPortGroup/ios:ip/ios:address-choice/ios:forward/ios:forward"",[[""deviate"",""not-supported"",[]]]]"
Cisco-IOS-XE-interfaces-deviation.yang,Other,added,/ios:native/ios:interface/ios:WPAN/ios:ip/ios:address-choice/ios:forward/ios:forward,,not-supported,,"[""deviation"",""/ios:native/ios:interface/ios:WPAN/ios:ip/ios:address-choice/ios:forward/ios:forward"",[[""deviate"",""not-supported"",[]]]]"
Cisco-IOS-XE-interfaces-deviation.yang,Other,added,/ios:native/ios:interface/ios:Wlan-GigabitEthernet/ios:ip/ios:address-choice/ios:forward/ios:forward,,not-supported,,"[""deviation"",""/ios:native/ios:interface/ios:Wlan-GigabitEthernet/ios:ip/ios:address-choice/ios:forward/ios:forward"",[[""deviate"",""not-supported"",[]]]]"
Cisco-IOS-XE-interfaces-deviation.yang,Other,added,/ios:native/ios:interface/ios:nve/ios:ip/ios:address-choice/ios:forward/ios:forward,,not-supported,,"[""deviation"",""/ios:native/ios:interface/ios:nve/ios:ip/ios:address-choice/ios:forward/ios:forward"",[[""deviate"",""not-supported"",[]]]]"
Cisco-IOS-XE-interfaces-deviation.yang,Other,added,/ios:native/ios:interface/ios:ucse/ios:ip/ios:address-choice/ios:forward/ios:forward,,not-supported,,"[""deviation"",""/ios:native/ios:interface/ios:ucse/ios:ip/ios:address-choice/ios:forward/ios:forward"",[[""deviate"",""not-supported"",[]]]]"
Cisco-IOS-XE-interfaces-deviation.yang,Other,added,/ios:native/ios:interface/ios:vasileft/ios:ip/ios:address-choice/ios:forward/ios:forward,,not-supported,,"[""deviation"",""/ios:native/ios:interface/ios:vasileft/ios:ip/ios:address-choice/ios:forward/ios:forward"",[[""deviate"",""not-supported"",[]]]]"
Cisco-IOS-XE-interfaces-deviation.yang,Other,added,/ios:native/ios:interface/ios:vasiright/ios:ip/ios:address-choice/ios:forward/ios:forward,,not-supported,,"[""deviation"",""/ios:native/ios:interface/ios:vasiright/ios:ip/ios:address-choice/ios:forward/ios:forward"",[[""deviate"",""not-supported"",[]]]]"
Cisco-IOS-XE-interfaces-deviation.yang,Other,added,/ios:native/ios:interface/ios:vmi/ios:ip/ios:address-choice/ios:forward/ios:forward,,not-supported,,"[""deviation"",""/ios:native/ios:interface/ios:vmi/ios:ip/ios:address-choice/ios:forward/ios:forward"",[[""deviate"",""not-supported"",[]]]]"
Cisco-IOS-XE-ospf-deviation.yang,Other,added,/ios:native/ios:router/ios-ospf:router-ospf/ios-ospf:ospf/ios-ospf:process-id/ios-ospf:passive-interface-config/ios-ospf:disable-interface/ios-ospf:FourHundredGigE/ios-ospf:name,,delete,,"[""deviation"",""/ios:native/ios:router/ios-ospf:router-ospf/ios-ospf:ospf/ios-ospf:process-id/ios-ospf:passive-interface-config/ios-ospf:disable-interface/ios-ospf:FourHundredGigE/ios-ospf:name"",[[""deviate"",""delete"",[[""must"",""not (/ios:native/ios:interface/ios:FourHundredGigE[ios:name=current()]/ios:switchport-conf/ios:switchport) or (/ios:native/ios:interface/ios:FourHundredGigE[ios:name=current()]/ios:switchport-conf/ios:switchport = 'false')"",[]]]]]]"
Cisco-IOS-XE-ospf-deviation.yang,Other,added,/ios:native/ios:router/ios-ospf:router-ospf/ios-ospf:ospf/ios-ospf:process-id/ios-ospf:passive-interface-config/ios-ospf:disable-interface/ios-ospf:TwoHundredGigE/ios-ospf:name,,delete,,"[""deviation"",""/ios:native/ios:router/ios-ospf:router-ospf/ios-ospf:ospf/ios-ospf:process-id/ios-ospf:passive-interface-config/ios-ospf:disable-interface/ios-ospf:TwoHundredGigE/ios-ospf:name"",[[""deviate"",""delete"",[[""must"",""not (/ios:native/ios:interface/ios:TwoHundredGigE[ios:name=current()]/ios:switchport-conf/ios:switchport) or (/ios:native/ios:interface/ios:TwoHundredGigE[ios:name=current()]/ios:switchport-conf/ios:switchport = 'false')"",[]]]]]]"
Cisco-IOS-XE-ospf-deviation.yang,Other,added,/ios:native/ios:router/ios-ospf:router-ospf/ios-ospf:ospf/ios-ospf:process-id/ios-ospf:passive-interface-config/ios-ospf:enable-interface/ios-ospf:FourHundredGigE/ios-ospf:name,,delete,,"[""deviation"",""/ios:native/ios:router/ios-ospf:router-ospf/ios-ospf:ospf/ios-ospf:process-id/ios-ospf:passive-interface-config/ios-ospf:enable-interface/ios-ospf:FourHundredGigE/ios-ospf:name"",[[""deviate"",""delete"",[[""must"",""not (/ios:native/ios:interface/ios:FourHundredGigE[ios:name=current()]/ios:switchport-conf/ios:switchport) or (/ios:native/ios:interface/ios:FourHundredGigE[ios:name=current()]/ios:switchport-conf/ios:switchport = 'false')"",[]]]]]]"
Cisco-IOS-XE-ospf-deviation.yang,Other,added,/ios:native/ios:router/ios-ospf:router-ospf/ios-ospf:ospf/ios-ospf:process-id/ios-ospf:passive-interface-config/ios-ospf:enable-interface/ios-ospf:TwoHundredGigE/ios-ospf:name,,delete,,"[""deviation"",""/ios:native/ios:router/ios-ospf:router-ospf/ios-ospf:ospf/ios-ospf:process-id/ios-ospf:passive-interface-config/ios-ospf:enable-interface/ios-ospf:TwoHundredGigE/ios-ospf:name"",[[""deviate"",""delete"",[[""must"",""not (/ios:native/ios:interface/ios:TwoHundredGigE[ios:name=current()]/ios:switchport-conf/ios:switchport) or (/ios:native/ios:interface/ios:TwoHundredGigE[ios:name=current()]/ios:switchport-conf/ios:switchport = 'false')"",[]]]]]]"
Cisco-IOS-XE-port-channel-deviation.yang,Other,added,/ios:native/ios:interface/ios:FourHundredGigE/ios-eth:channel-group/ios-eth:number,,replace,,"[""deviation"",""/ios:native/ios:interface/ios:FourHundredGigE/ios-eth:channel-group/ios-eth:number"",[[""deviate"",""replace"",[[""type"",""uint16"",[[""range"",""1..64"",[]]]]]]]]"
Cisco-IOS-XE-port-channel-deviation.yang,Other,added,/ios:native/ios:interface/ios:HundredGigE/ios-eth:channel-group/ios-eth:number,,replace,,"[""deviation"",""/ios:native/ios:interface/ios:HundredGigE/ios-eth:channel-group/ios-eth:number"",[[""deviate"",""replace"",[[""type"",""uint16"",[[""range"",""1..64"",[]]]]]]]]"
Cisco-IOS-XE-port-channel-deviation.yang,Other,added,/ios:native/ios:interface/ios:TwoHundredGigE/ios-eth:channel-group/ios-eth:number,,replace,,"[""deviation"",""/ios:native/ios:interface/ios:TwoHundredGigE/ios-eth:channel-group/ios-eth:number"",[[""deviate"",""replace"",[[""type"",""uint16"",[[""range"",""1..64"",[]]]]]]]]"
Cisco-IOS-XE-port-channel-unsupported-deviation.yang,Other,added,/ios:native/ios:interface/ios:FourHundredGigE/ios-eth:channel-group/ios-eth:auto,,not-supported,,"[""deviation"",""/ios:native/ios:interface/ios:FourHundredGigE/ios-eth:channel-group/ios-eth:auto"",[[""deviate"",""not-supported"",[]]]]"
Cisco-IOS-XE-port-channel-unsupported-deviation.yang,Other,added,/ios:native/ios:interface/ios:FourHundredGigE/ios-eth:channel-group/ios-eth:non-silent,,not-supported,,"[""deviation"",""/ios:native/ios:interface/ios:FourHundredGigE/ios-eth:channel-group/ios-eth:non-silent"",[[""deviate"",""not-supported"",[]]]]"
Cisco-IOS-XE-port-channel-unsupported-deviation.yang,Other,added,/ios:native/ios:interface/ios:HundredGigE/ios-eth:channel-group/ios-eth:auto,,not-supported,,"[""deviation"",""/ios:native/ios:interface/ios:HundredGigE/ios-eth:channel-group/ios-eth:auto"",[[""deviate"",""not-supported"",[]]]]"
Cisco-IOS-XE-port-channel-unsupported-deviation.yang,Other,added,/ios:native/ios:interface/ios:HundredGigE/ios-eth:channel-group/ios-eth:non-silent,,not-supported,,"[""deviation"",""/ios:native/ios:interface/ios:HundredGigE/ios-eth:channel-group/ios-eth:non-silent"",[[""deviate"",""not-supported"",[]]]]"
Cisco-IOS-XE-port-channel-unsupported-deviation.yang,Other,added,/ios:native/ios:interface/ios:TwoHundredGigE/ios-eth:channel-group/ios-eth:auto,,not-supported,,"[""deviation"",""/ios:native/ios:interface/ios:TwoHundredGigE/ios-eth:channel-group/ios-eth:auto"",[[""deviate"",""not-supported"",[]]]]"
Cisco-IOS-XE-port-channel-unsupported-deviation.yang,Other,added,/ios:native/ios:interface/ios:TwoHundredGigE/ios-eth:channel-group/ios-eth:non-silent,,not-supported,,"[""deviation"",""/ios:native/ios:interface/ios:TwoHundredGigE/ios-eth:channel-group/ios-eth:non-silent"",[[""deviate"",""not-supported"",[]]]]"
Cisco-IOS-XE-switch-deviation.yang,Other,updated,/ios:native/ios-sw:device/ios-sw:classifier-with-condition/ios-sw:classifier/ios-sw:condition,add,add,"[""deviation"",""/ios:native/ios-sw:device/ios-sw:classifier-with-condition/ios-sw:classifier/ios-sw:condition"",[[""deviate"",""add"",[[""must"",""(count(/ios:native/ios-sw:device/ios-sw:classifier-with-condition/ios-sw:classifier/ios-sw:condition) <= 1600)"",[]],[""must"",""((count(/ios:native/ios-sw:device/ios-sw:classifier-with-condition/ios-sw:classifier/ios-sw:condition/ios-sw:CDP/ios-sw:tlv-type/ios-sw:value/ios-sw:Integer) + count(/ios:native/ios-sw:device/ios-sw:classifier-with-condition/ios-sw:classifier/ios-sw:condition/ios-sw:CDP/ios-sw:tlv-type/ios-sw:value/ios-sw:Hexstr) + count(/ios:native/ios-sw:device/ios-sw:classifier-with-condition/ios-sw:classifier/ios-sw:condition/ios-sw:CDP/ios-sw:tlv-type/ios-sw:value/ios-sw:Regex) + count(/ios:native/ios-sw:device/ios-sw:classifier-with-condition/ios-sw:classifier/ios-sw:condition/ios-sw:CDP/ios-sw:tlv-type/ios-sw:value/ios-sw:String) + count(/ios:native/ios-sw:device/ios-sw:classifier-with-condition/ios-sw:classifier/ios-sw:condition/ios-sw:LLDP/ios-sw:tlv-type/ios-sw:value/ios-sw:Integer) + count(/ios:native/ios-sw:device/ios-sw:classifier-with-condition/ios-sw:classifier/ios-sw:condition/ios-sw:LLDP/ios-sw:tlv-type/ios-sw:value/ios-sw:Hexstr) + count(/ios:native/ios-sw:device/ios-sw:classifier-with-condition/ios-sw:classifier/ios-sw:condition/ios-sw:LLDP/ios-sw:tlv-type/ios-sw:value/ios-sw:Regex) + count(/ios:native/ios-sw:device/ios-sw:classifier-with-condition/ios-sw:classifier/ios-sw:condition/ios-sw:LLDP/ios-sw:tlv-type/ios-sw:value/ios-sw:String) + count(/ios:native/ios-sw:device/ios-sw:classifier-with-condition/ios-sw:classifier/ios-sw:condition/ios-sw:DHCP/ios-sw:tlv-type/ios-sw:value/ios-sw:Integer) + count(/ios:native/ios-sw:device/ios-sw:classifier-with-condition/ios-sw:classifier/ios-sw:condition/ios-sw:DHCP/ios-sw:tlv-type/ios-sw:value/ios-sw:Hexstr) + count(/ios:native/ios-sw:device/ios-sw:classifier-with-condition/ios-sw:classifier/ios-sw:condition/ios-sw:DHCP/ios-sw:tlv-type/ios-sw:value/ios-sw:Regex) + count(/ios:native/ios-sw:device/ios-sw:classifier-with-condition/ios-sw:classifier/ios-sw:condition/ios-sw:DHCP/ios-sw:tlv-type/ios-sw:value/ios-sw:String) + count(/ios:native/ios-sw:device/ios-sw:classifier-with-condition/ios-sw:classifier/ios-sw:condition/ios-sw:MAC/ios-sw:Regex)) <= 3200)"",[]]]]]]","[""deviation"",""/ios:native/ios-sw:device/ios-sw:classifier-with-condition/ios-sw:classifier/ios-sw:condition"",[[""deviate"",""add"",[[""must"",""(count(../condition) <= 1600)"",[]],[""must"",""((count(../condition/CDP/tlv-type/value/Integer) + count(../condition/CDP/tlv-type/value/Hexstr) + count(../condition/CDP/tlv-type/value/Regex) + count(../condition/CDP/tlv-type/value/String) + count(../condition/LLDP/tlv-type/value/Integer) + count(../condition/LLDP/tlv-type/value/Hexstr) + count(../condition/LLDP/tlv-type/value/Regex) + count(../condition/LLDP/tlv-type/value/String) + count(../condition/DHCP/tlv-type/value/Integer) + count(../condition/DHCP/tlv-type/value/Hexstr) + count(../condition/DHCP/tlv-type/value/Regex) + count(../condition/DHCP/tlv-type/value/String) + count(../condition/MAC/Regex) + count(../condition/condition)) <= 3200)"",[]]]]]]"
Cisco-IOS-XE-switch-deviation.yang,Other,updated,/ios:native/ios-sw:device/ios-sw:classifier-with-condition/ios-sw:classifier/ios-sw:device-type,add,add,"[""deviation"",""/ios:native/ios-sw:device/ios-sw:classifier-with-condition/ios-sw:classifier/ios-sw:device-type"",[[""deviate"",""add"",[[""must"",""(count(/ios:native/ios-sw:device/ios-sw:classifier-with-condition/ios-sw:classifier/ios-sw:device-type) <= 800)"",[]]]]]]","[""deviation"",""/ios:native/ios-sw:device/ios-sw:classifier-with-condition/ios-sw:classifier/ios-sw:device-type"",[[""deviate"",""add"",[[""must"",""(count(../device-type) <= 800)"",[]]]]]]"
