profile,module,model_flavor,listing_kind,source_file_status,revision_26_2_1,conformance_26_2_1
cat9k,Cisco-IOS-XE-isis-operv2-oper,Oper,new source module,added,2026-08-01,implement
cat9k,Cisco-IOS-XE-live-protect-oper,Oper,new source module,added,2026-08-01,implement
cat9k,Cisco-IOS-XE-ngfw-common-oper,Oper,new source module,added,2026-08-01,import
cat9k,Cisco-IOS-XE-wireless-wat-oper,Oper,new source module,added,2026-08-01,implement
cat9k,Cisco-IOS-XE-config-mgmt-rpc,RPC,new source module,added,2026-08-01,implement
cat9k,Cisco-IOS-XE-ngfw-actions-rpc,RPC,new source module,added,2026-08-01,implement
cat9k,Cisco-IOS-XE-wireless-raf-cfg-rpc,RPC,new source module,added,2026-08-01,implement
cat9k,Cisco-IOS-XE-audit-cfg,Config,new source module,added,2026-08-01,implement
cat9k,Cisco-IOS-XE-live-protect-cfg,Config,new source module,added,2026-08-01,implement
cat9k,Cisco-IOS-XE-wireless-ld-cfg,Config,new source module,added,2026-08-01,implement
cat9k,cisco-xe-openconfig-telemetry-deviation,OpenConfig,new source module,added,2026-08-01,implement
cat9k,cisco-xe-openconfig-telemetry-ext,OpenConfig,new source module,added,2026-08-01,implement
cat9k,openconfig-telemetry,OpenConfig,new source module,added,2018-11-21,implement
cat9k,openconfig-telemetry-types,OpenConfig,new source module,added,2018-11-21,implement
cat9k,Cisco-IOS-XE-vlan-ewlc-deviation,Other,pre-existing source module,changed,2024-11-01,implement
cat9200,cisco-xe-openconfig-telemetry-deviation,OpenConfig,new source module,added,2026-08-01,implement
cat9200,cisco-xe-openconfig-telemetry-ext,OpenConfig,new source module,added,2026-08-01,implement
cat9200,openconfig-telemetry,OpenConfig,new source module,added,2018-11-21,implement
cat9200,openconfig-telemetry-types,OpenConfig,new source module,added,2018-11-21,implement
cat9200,Cisco-IOS-XE-vlan-ewlc-deviation,Other,pre-existing source module,changed,2024-11-01,implement
wireless,Cisco-IOS-XE-ngfw-common-oper,Oper,new source module,added,2026-08-01,import
wireless,Cisco-IOS-XE-wireless-wat-oper,Oper,new source module,added,2026-08-01,implement
wireless,Cisco-IOS-XE-config-mgmt-rpc,RPC,new source module,added,2026-08-01,implement
wireless,Cisco-IOS-XE-ngfw-actions-rpc,RPC,new source module,added,2026-08-01,implement
wireless,Cisco-IOS-XE-wireless-raf-cfg-rpc,RPC,new source module,added,2026-08-01,implement
wireless,Cisco-IOS-XE-audit-cfg,Config,new source module,added,2026-08-01,implement
wireless,Cisco-IOS-XE-wireless-ld-cfg,Config,new source module,added,2026-08-01,implement
wireless,cisco-xe-openconfig-telemetry-deviation,OpenConfig,new source module,added,2026-08-01,implement
wireless,cisco-xe-openconfig-telemetry-ext,OpenConfig,new source module,added,2026-08-01,implement
wireless,openconfig-telemetry,OpenConfig,new source module,added,2018-11-21,implement
wireless,openconfig-telemetry-types,OpenConfig,new source module,added,2018-11-21,implement
asr1k,Cisco-IOS-XE-dp-tcam-usage-oper,Oper,new source module,added,2026-08-01,implement
asr1k,Cisco-IOS-XE-ngfw-common-oper,Oper,new source module,added,2026-08-01,import
asr1k,Cisco-IOS-XE-ngfw-oper,Oper,new source module,added,2026-08-01,implement
asr1k,Cisco-IOS-XE-config-mgmt-rpc,RPC,new source module,added,2026-08-01,implement
asr1k,Cisco-IOS-XE-ngfw-actions-rpc,RPC,new source module,added,2026-08-01,implement
asr1k,Cisco-IOS-XE-audit-cfg,Config,new source module,added,2026-08-01,implement
asr1k,Cisco-IOS-XE-ngfw,Config,new source module,added,2026-08-01,implement
asr1k,Cisco-IOS-XE-sla-policy,Config,new source module,added,2026-08-01,implement
asr1k,cisco-xe-openconfig-telemetry-deviation,OpenConfig,new source module,added,2026-08-01,implement
asr1k,cisco-xe-openconfig-telemetry-ext,OpenConfig,new source module,added,2026-08-01,implement
asr1k,openconfig-telemetry,OpenConfig,new source module,added,2018-11-21,implement
asr1k,openconfig-telemetry-types,OpenConfig,new source module,added,2018-11-21,implement
asr1k,Cisco-IOS-XE-ethernet-port-settings-autoneg-deviation,Other,new source module,added,2026-08-01,implement
asr1k,Cisco-IOS-XE-sdwan-stats-events,Other,new source module,added,2026-08-01,implement
asr1k,Cisco-IOS-XE-livetools-oper,Oper,pre-existing source module,changed,2026-08-01,implement
asr1k,Cisco-IOS-XE-meraki-connect-oper,Oper,pre-existing source module,changed,2026-08-01,implement
asr1k,Cisco-IOS-XE-sse-oper,Oper,pre-existing source module,changed,2026-08-01,implement
asr1k,Cisco-IOS-XE-uplink-autoconfig-oper,Oper,pre-existing source module,changed,2026-08-01,implement
asr1k,Cisco-IOS-XE-livetools-actions-rpc,RPC,pre-existing source module,unchanged,2025-07-01,implement
asr1k,Cisco-IOS-XE-sse-actions-rpc,RPC,pre-existing source module,changed,2026-08-01,implement
asr1k,Cisco-IOS-XE-uplink-autoconfig,Config,pre-existing source module,changed,2026-08-01,implement
asr1k,Cisco-IOS-XE-autovpn-events,Other,pre-existing source module,unchanged,2026-02-01,implement
asr1k,Cisco-IOS-XE-livetools-common-types,Other,pre-existing source module,unchanged,2025-03-01,import
asr1k,Cisco-IOS-XE-sse-events,Other,pre-existing source module,unchanged,2023-11-01,implement
c8500,Cisco-IOS-XE-dp-tcam-usage-oper,Oper,new source module,added,2026-08-01,implement
c8500,Cisco-IOS-XE-ngfw-common-oper,Oper,new source module,added,2026-08-01,import
c8500,Cisco-IOS-XE-ngfw-oper,Oper,new source module,added,2026-08-01,implement
c8500,Cisco-IOS-XE-config-mgmt-rpc,RPC,new source module,added,2026-08-01,implement
c8500,Cisco-IOS-XE-ngfw-actions-rpc,RPC,new source module,added,2026-08-01,implement
c8500,Cisco-IOS-XE-audit-cfg,Config,new source module,added,2026-08-01,implement
c8500,Cisco-IOS-XE-ngfw,Config,new source module,added,2026-08-01,implement
c8500,Cisco-IOS-XE-sla-policy,Config,new source module,added,2026-08-01,implement
c8500,cisco-xe-openconfig-telemetry-deviation,OpenConfig,new source module,added,2026-08-01,implement
c8500,cisco-xe-openconfig-telemetry-ext,OpenConfig,new source module,added,2026-08-01,implement
c8500,openconfig-telemetry,OpenConfig,new source module,added,2018-11-21,implement
c8500,openconfig-telemetry-types,OpenConfig,new source module,added,2018-11-21,implement
c8500,Cisco-IOS-XE-ethernet-port-settings-autoneg-deviation,Other,new source module,added,2026-08-01,implement
c8500,Cisco-IOS-XE-sdwan-stats-events,Other,new source module,added,2026-08-01,implement
c8500,Cisco-IOS-XE-livetools-oper,Oper,pre-existing source module,changed,2026-08-01,implement
c8500,Cisco-IOS-XE-meraki-connect-oper,Oper,pre-existing source module,changed,2026-08-01,implement
c8500,Cisco-IOS-XE-sse-oper,Oper,pre-existing source module,changed,2026-08-01,implement
c8500,Cisco-IOS-XE-uplink-autoconfig-oper,Oper,pre-existing source module,changed,2026-08-01,implement
c8500,Cisco-IOS-XE-livetools-actions-rpc,RPC,pre-existing source module,unchanged,2025-07-01,implement
c8500,Cisco-IOS-XE-sse-actions-rpc,RPC,pre-existing source module,changed,2026-08-01,implement
c8500,Cisco-IOS-XE-uplink-autoconfig,Config,pre-existing source module,changed,2026-08-01,implement
c8500,Cisco-IOS-XE-autovpn-events,Other,pre-existing source module,unchanged,2026-02-01,implement
c8500,Cisco-IOS-XE-livetools-common-types,Other,pre-existing source module,unchanged,2025-03-01,import
c8500,Cisco-IOS-XE-sse-events,Other,pre-existing source module,unchanged,2023-11-01,implement
isr1k,Cisco-IOS-XE-iiot-pwr-mgmt-oper,Oper,new source module,added,2026-08-01,implement
isr1k,Cisco-IOS-XE-ngfw-common-oper,Oper,new source module,added,2026-08-01,import
isr1k,Cisco-IOS-XE-ngfw-oper,Oper,new source module,added,2026-08-01,implement
isr1k,Cisco-IOS-XE-config-mgmt-rpc,RPC,new source module,added,2026-08-01,implement
isr1k,Cisco-IOS-XE-ngfw-actions-rpc,RPC,new source module,added,2026-08-01,implement
isr1k,Cisco-IOS-XE-ngfw-ctrl-actions-rpc,RPC,new source module,added,2026-08-01,implement
isr1k,Cisco-IOS-XE-audit-cfg,Config,new source module,added,2026-08-01,implement
isr1k,Cisco-IOS-XE-ngfw,Config,new source module,added,2026-08-01,implement
isr1k,Cisco-IOS-XE-sla-policy,Config,new source module,added,2026-08-01,implement
isr1k,cisco-xe-openconfig-telemetry-deviation,OpenConfig,new source module,added,2026-08-01,implement
isr1k,cisco-xe-openconfig-telemetry-ext,OpenConfig,new source module,added,2026-08-01,implement
isr1k,openconfig-telemetry,OpenConfig,new source module,added,2018-11-21,implement
isr1k,openconfig-telemetry-types,OpenConfig,new source module,added,2018-11-21,implement
isr1k,Cisco-IOS-XE-ethernet-port-settings-autoneg-deviation,Other,new source module,added,2026-08-01,implement
isr1k,Cisco-IOS-XE-sdwan-stats-events,Other,new source module,added,2026-08-01,implement
isr1k,Cisco-IOS-XE-sse-oper,Oper,pre-existing source module,changed,2026-08-01,implement
isr1k,Cisco-IOS-XE-vlan-oper,Oper,pre-existing source module,changed,2026-08-01,implement
isr1k,Cisco-IOS-XE-sse-actions-rpc,RPC,pre-existing source module,changed,2026-08-01,implement
isr1k,Cisco-IOS-XE-sse-events,Other,pre-existing source module,unchanged,2023-11-01,implement
c8000v,Cisco-IOS-XE-isis-operv2-oper,Oper,new source module,added,2026-08-01,implement
c8000v,Cisco-IOS-XE-ngfw-common-oper,Oper,new source module,added,2026-08-01,import
c8000v,Cisco-IOS-XE-ngfw-oper,Oper,new source module,added,2026-08-01,implement
c8000v,Cisco-IOS-XE-config-mgmt-rpc,RPC,new source module,added,2026-08-01,implement
c8000v,Cisco-IOS-XE-ngfw-actions-rpc,RPC,new source module,added,2026-08-01,implement
c8000v,Cisco-IOS-XE-ngfw-ctrl-actions-rpc,RPC,new source module,added,2026-08-01,implement
c8000v,Cisco-IOS-XE-audit-cfg,Config,new source module,added,2026-08-01,implement
c8000v,Cisco-IOS-XE-ngfw,Config,new source module,added,2026-08-01,implement
c8000v,Cisco-IOS-XE-sla-policy,Config,new source module,added,2026-08-01,implement
c8000v,cisco-xe-openconfig-telemetry-deviation,OpenConfig,new source module,added,2026-08-01,implement
c8000v,cisco-xe-openconfig-telemetry-ext,OpenConfig,new source module,added,2026-08-01,implement
c8000v,openconfig-telemetry,OpenConfig,new source module,added,2018-11-21,implement
c8000v,openconfig-telemetry-types,OpenConfig,new source module,added,2018-11-21,implement
c8000v,Cisco-IOS-XE-sdwan-stats-events,Other,new source module,added,2026-08-01,implement
c8000v,Cisco-IOS-XE-sse-oper,Oper,pre-existing source module,changed,2026-08-01,implement
c8000v,Cisco-IOS-XE-vlan-oper,Oper,pre-existing source module,changed,2026-08-01,implement
c8000v,Cisco-IOS-XE-sse-actions-rpc,RPC,pre-existing source module,changed,2026-08-01,implement
c8000v,Cisco-IOS-XE-gnmi-cfg,Config,pre-existing source module,changed,2026-08-01,implement
c8000v,cisco-xe-openconfig-system-grpc-deviation,OpenConfig,pre-existing source module,unchanged,2021-10-22,implement
c8000v,openconfig-system-grpc,OpenConfig,pre-existing source module,unchanged,2021-06-16,implement
c8000v,Cisco-IOS-XE-sse-events,Other,pre-existing source module,unchanged,2023-11-01,implement
ir1101,Cisco-IOS-XE-ngfw-common-oper,Oper,new source module,added,2026-08-01,import
ir1101,Cisco-IOS-XE-wireless-wat-oper,Oper,new source module,added,2026-08-01,implement
ir1101,Cisco-IOS-XE-config-mgmt-rpc,RPC,new source module,added,2026-08-01,implement
ir1101,Cisco-IOS-XE-ngfw-actions-rpc,RPC,new source module,added,2026-08-01,implement
ir1101,Cisco-IOS-XE-wireless-raf-cfg-rpc,RPC,new source module,added,2026-08-01,implement
ir1101,Cisco-IOS-XE-audit-cfg,Config,new source module,added,2026-08-01,implement
ir1101,Cisco-IOS-XE-ngfw,Config,new source module,added,2026-08-01,implement
ir1101,Cisco-IOS-XE-sla-policy,Config,new source module,added,2026-08-01,implement
ir1101,Cisco-IOS-XE-wireless-ld-cfg,Config,new source module,added,2026-08-01,implement
ir1101,cisco-xe-openconfig-telemetry-deviation,OpenConfig,new source module,added,2026-08-01,implement
ir1101,cisco-xe-openconfig-telemetry-ext,OpenConfig,new source module,added,2026-08-01,implement
ir1101,openconfig-telemetry,OpenConfig,new source module,added,2018-11-21,implement
ir1101,openconfig-telemetry-types,OpenConfig,new source module,added,2018-11-21,implement
ir1101,Cisco-IOS-XE-ethernet-port-settings-autoneg-deviation,Other,new source module,added,2026-08-01,implement
ie3x00,Cisco-IOS-XE-ngfw-common-oper,Oper,new source module,added,2026-08-01,import
ie3x00,Cisco-IOS-XE-config-mgmt-rpc,RPC,new source module,added,2026-08-01,implement
ie3x00,Cisco-IOS-XE-ngfw-actions-rpc,RPC,new source module,added,2026-08-01,implement
ie3x00,Cisco-IOS-XE-audit-cfg,Config,new source module,added,2026-08-01,implement
ie3x00,cisco-xe-openconfig-telemetry-deviation,OpenConfig,new source module,added,2026-08-01,implement
ie3x00,cisco-xe-openconfig-telemetry-ext,OpenConfig,new source module,added,2026-08-01,implement
ie3x00,openconfig-telemetry,OpenConfig,new source module,added,2018-11-21,implement
ie3x00,openconfig-telemetry-types,OpenConfig,new source module,added,2018-11-21,implement
ie3x00,Cisco-IOS-XE-dhcp-security-track-server-oper,Oper,pre-existing source module,changed,2026-08-01,implement
ie3x00,Cisco-IOS-XE-lacp-oper,Oper,pre-existing source module,changed,2026-08-01,implement
ie3x00,Cisco-IOS-XE-matm-oper,Oper,pre-existing source module,changed,2026-08-01,implement
ie3x00,Cisco-IOS-XE-udld-oper,Oper,pre-existing source module,changed,2026-08-01,implement
ess3x00,Cisco-IOS-XE-ngfw-common-oper,Oper,new source module,added,2026-08-01,import
ess3x00,Cisco-IOS-XE-config-mgmt-rpc,RPC,new source module,added,2026-08-01,implement
ess3x00,Cisco-IOS-XE-ngfw-actions-rpc,RPC,new source module,added,2026-08-01,implement
ess3x00,Cisco-IOS-XE-audit-cfg,Config,new source module,added,2026-08-01,implement
ess3x00,cisco-xe-openconfig-telemetry-deviation,OpenConfig,new source module,added,2026-08-01,implement
ess3x00,cisco-xe-openconfig-telemetry-ext,OpenConfig,new source module,added,2026-08-01,implement
ess3x00,openconfig-telemetry,OpenConfig,new source module,added,2018-11-21,implement
ess3x00,openconfig-telemetry-types,OpenConfig,new source module,added,2018-11-21,implement
ess3x00,Cisco-IOS-XE-dhcp-security-track-server-oper,Oper,pre-existing source module,changed,2026-08-01,implement
ess3x00,Cisco-IOS-XE-lacp-oper,Oper,pre-existing source module,changed,2026-08-01,implement
ess3x00,Cisco-IOS-XE-matm-oper,Oper,pre-existing source module,changed,2026-08-01,implement
ess3x00,Cisco-IOS-XE-udld-oper,Oper,pre-existing source module,changed,2026-08-01,implement
